timestamp,symbol,rsi,macd,macd_signal,macd_hist,bb_width,bb_position,atr_pct,hurst,skewness,momentum_norm,volatility,return_1m,return_5m,return_15m
1700000000,BTC/USD,30.0,10.0,9.0,1.0,0.05,0.5,0.01,0.5,0.1,-2.0,0.02,-0.001,-0.005,-0.01
1700000060,BTC/USD,31.0,10.0,9.0,1.0,0.05,0.5,0.01,0.5,0.1,-1.8,0.02,-0.001,-0.005,-0.01
1700000120,BTC/USD,32.0,10.0,9.0,1.0,0.05,0.5,0.01,0.5,0.1,-1.6,0.02,-0.001,-0.005,-0.01
1700000180,BTC/USD,33.0,10.0,9.0,1.0,0.05,0.5,0.01,0.5,0.1,-1.4,0.02,-0.001,-0.005,-0.01
1700000240,BTC/USD,34.0,10.0,9.0,1.0,0.05,0.5,0.01,0.5,0.1,-1.2,0.02,-0.001,-0.005,-0.01
1700000300,BTC/USD,35.0,10.0,9.0,1.0,0.05,0.5,0.01,0.5,0.1,-1.0,0.02,-0.001,-0.005,-0.01
1700000360,BTC/USD,36.0,10.0,9.0,1.0,0.05,0.5,0.01,0.5,0.1,-0.8,0.02,-0.001,-0.005,-0.01
1700000420,BTC/USD,37.0,10.0,9.0,1.0,0.05,0.5,0.01,0.5,0.1,-0.6,0.02,-0.001,-0.005,-0.01
1700000480,BTC/USD,38.0,10.0,9.0,1.0,0.05,0.5,0.01,0.5,0.1,-0.4,0.02,0.0,0.0,0.0
1700000540,BTC/USD,39.0,10.0,9.0,1.0,0.05,0.5,0.01,0.5,0.1,-0.2,0.02,0.0,0.0,0.0
1700000600,BTC/USD,40.0,10.0,9.0,1.0,0.05,0.5,0.01,0.5,0.1,0.0,0.02,0.0,0.0,0.0
1700000660,BTC/USD,41.0,10.0,9.0,1.0,0.05,0.5,0.01,0.5,0.1,0.2,0.02,0.0,0.0,0.0
1700000720,BTC/USD,42.0,10.0,9.0,1.0,0.05,0.5,0.01,0.5,0.1,0.4,0.02,0.0,0.0,0.0
1700000780,BTC/USD,43.0,10.0,9.0,1.0,0.05,0.5,0.01,0.5,0.1,0.6,0.02,0.0,0.0,0.0
1700000840,BTC/USD,44.0,10.0,9.0,1.0,0.05,0.5,0.01,0.5,0.1,0.8,0.02,0.0,0.0,0.0
1700000900,BTC/USD,45.0,10.0,9.0,1.0,0.05,0.5,0.01,0.5,0.1,1.0,0.02,0.0,0.0,0.0
1700000960,BTC/USD,46.0,10.0,9.0,1.0,0.05,0.5,0.01,0.5,0.1,1.2,0.02,0.0,0.0,0.0
1700001020,BTC/USD,47.0,10.0,9.0,1.0,0.05,0.5,0.01,0.5,0.1,1.4,0.02,0.0,0.0,0.0
1700001080,BTC/USD,48.0,10.0,9.0,1.0,0.05,0.5,0.01,0.5,0.1,1.6,0.02,0.0,0.0,0.0
1700001140,BTC/USD,49.0,10.0,9.0,1.0,0.05,0.5,0.01,0.5,0.1,1.8,0.02,0.0,0.0,0.0
1700001200,BTC/USD,50.0,10.0,9.0,1.0,0.05,0.5,0.01,0.5,0.1,-2.0,0.02,0.0,0.0,0.0
1700001260,BTC/USD,51.0,10.0,9.0,1.0,0.05,0.5,0.01,0.5,0.1,-1.8,0.02,0.0,0.0,0.0
1700001320,BTC/USD,52.0,10.0,9.0,1.0,0.05,0.5,0.01,0.5,0.1,-1.6,0.02,0.0,0.0,0.0
1700001380,BTC/USD,53.0,10.0,9.0,1.0,0.05,0.5,0.01,0.5,0.1,-1.4,0.02,0.0,0.0,0.0
1700001440,BTC/USD,54.0,10.0,9.0,1.0,0.05,0.5,0.01,0.5,0.1,-1.2,0.02,0.0,0.0,0.0
1700001500,BTC/USD,55.0,10.0,9.0,1.0,0.05,0.5,0.01,0.5,0.1,-1.0,0.02,0.0,0.0,0.0
1700001560,BTC/USD,56.0,10.0,9.0,1.0,0.05,0.5,0.01,0.5,0.1,-0.8,0.02,0.0,0.0,0.0
1700001620,BTC/USD,57.0,10.0,9.0,1.0,0.05,0.5,0.01,0.5,0.1,-0.6,0.02,0.0,0.0,0.0
1700001680,BTC/USD,58.0,10.0,9.0,1.0,0.05,0.5,0.01,0.5,0.1,-0.4,0.02,0.0,0.0,0.0
1700001740,BTC/USD,59.0,10.0,9.0,1.0,0.05,0.5,0.01,0.5,0.1,-0.2,0.02,0.0,0.0,0.0
1700001800,BTC/USD,60.0,10.0,9.0,1.0,0.05,0.5,0.01,0.5,0.1,0.0,0.02,0.0,0.0,0.0
1700001860,BTC/USD,61.0,10.0,9.0,1.0,0.05,0.5,0.01,0.5,0.1,0.2,0.02,0.0,0.0,0.0
1700001920,BTC/USD,62.0,10.0,9.0,1.0,0.05,0.5,0.01,0.5,0.1,0.4,0.02,0.0,0.0,0.0
1700001980,BTC/USD,63.0,10.0,9.0,1.0,0.05,0.5,0.01,0.5,0.1,0.6,0.02,0.001,0.005,0.01
1700002040,BTC/USD,64.0,10.0,9.0,1.0,0.05,0.5,0.01,0.5,0.1,0.8,0.02,0.001,0.005,0.01
1700002100,BTC/USD,65.0,10.0,9.0,1.0,0.05,0.5,0.01,0.5,0.1,1.0,0.02,0.001,0.005,0.01
1700002160,BTC/USD,66.0,10.0,9.0,1.0,0.05,0.5,0.01,0.5,0.1,1.2,0.02,0.001,0.005,0.01
1700002220,BTC/USD,67.0,10.0,9.0,1.0,0.05,0.5,0.01,0.5,0.1,1.4,0.02,0.001,0.005,0.01
1700002280,BTC/USD,68.0,10.0,9.0,1.0,0.05,0.5,0.01,0.5,0.1,1.6,0.02,0.001,0.005,0.01
1700002340,BTC/USD,69.0,10.0,9.0,1.0,0.05,0.5,0.01,0.5,0.1,1.8,0.02,0.001,0.005,0.01
1700002400,BTC/USD,70.0,10.0,9.0,1.0,0.05,0.5,0.01,0.5,0.1,-2.0,0.02,0.0,0.0,0.0
1700002460,BTC/USD,71.0,10.0,9.0,1.0,0.05,0.5,0.01,0.5,0.1,-1.8,0.02,0.0,0.0,0.0
1700002520,BTC/USD,72.0,10.0,9.0,1.0,0.05,0.5,0.01,0.5,0.1,-1.6,0.02,0.0,0.0,0.0
1700002580,BTC/USD,73.0,10.0,9.0,1.0,0.05,0.5,0.01,0.5,0.1,-1.4,0.02,0.0,0.0,0.0
1700002640,BTC/USD,74.0,10.0,9.0,1.0,0.05,0.5,0.01,0.5,0.1,-1.2,0.02,0.0,0.0,0.0
1700002700,BTC/USD,75.0,10.0,9.0,1.0,0.05,0.5,0.01,0.5,0.1,-1.0,0.02,0.0,0.0,0.0
1700002760,BTC/USD,76.0,10.0,9.0,1.0,0.05,0.5,0.01,0.5,0.1,-0.8,0.02,0.0,0.0,0.0
1700002820,BTC/USD,77.0,10.0,9.0,1.0,0.05,0.5,0.01,0.5,0.1,-0.6,0.02,0.0,0.0,0.0
1700002880,BTC/USD,78.0,10.0,9.0,1.0,0.05,0.5,0.01,0.5,0.1,-0.4,0.02,0.0,0.0,0.0
1700002940,BTC/USD,79.0,10.0,9.0,1.0,0.05,0.5,0.01,0.5,0.1,-0.2,0.02,0.0,0.0,0.0
1700003000,BTC/USD,80.0,10.0,9.0,1.0,0.05,0.5,0.01,0.5,0.1,0.0,0.02,0.0,0.0,0.0
1700003060,BTC/USD,81.0,10.0,9.0,1.0,0.05,0.5,0.01,0.5,0.1,0.2,0.02,0.0,0.0,0.0
1700003120,BTC/USD,82.0,10.0,9.0,1.0,0.05,0.5,0.01,0.5,0.1,0.4,0.02,0.0,0.0,0.0
1700003180,BTC/USD,83.0,10.0,9.0,1.0,0.05,0.5,0.01,0.5,0.1,0.6,0.02,0.001,0.005,0.01
1700003240,BTC/USD,84.0,10.0,9.0,1.0,0.05,0.5,0.01,0.5,0.1,0.8,0.02,0.001,0.005,0.01
1700003300,BTC/USD,85.0,10.0,9.0,1.0,0.05,0.5,0.01,0.5,0.1,1.0,0.02,0.001,0.005,0.01
1700003360,BTC/USD,86.0,10.0,9.0,1.0,0.05,0.5,0.01,0.5,0.1,1.2,0.02,0.001,0.005,0.01
1700003420,BTC/USD,87.0,10.0,9.0,1.0,0.05,0.5,0.01,0.5,0.1,1.4,0.02,0.001,0.005,0.01
1700003480,BTC/USD,88.0,10.0,9.0,1.0,0.05,0.5,0.01,0.5,0.1,1.6,0.02,0.001,0.005,0.01
1700003540,BTC/USD,89.0,10.0,9.0,1.0,0.05,0.5,0.01,0.5,0.1,1.8,0.02,0.001,0.005,0.01
1700003600,BTC/USD,30.0,10.0,9.0,1.0,0.05,0.5,0.01,0.5,0.1,-2.0,0.02,-0.001,-0.005,-0.01
1700003660,BTC/USD,31.0,10.0,9.0,1.0,0.05,0.5,0.01,0.5,0.1,-1.8,0.02,-0.001,-0.005,-0.01
1700003720,BTC/USD,32.0,10.0,9.0,1.0,0.05,0.5,0.01,0.5,0.1,-1.6,0.02,-0.001,-0.005,-0.01
1700003780,BTC/USD,33.0,10.0,9.0,1.0,0.05,0.5,0.01,0.5,0.1,-1.4,0.02,-0.001,-0.005,-0.01
1700003840,BTC/USD,34.0,10.0,9.0,1.0,0.05,0.5,0.01,0.5,0.1,-1.2,0.02,-0.001,-0.005,-0.01
1700003900,BTC/USD,35.0,10.0,9.0,1.0,0.05,0.5,0.01,0.5,0.1,-1.0,0.02,-0.001,-0.005,-0.01
1700003960,BTC/USD,36.0,10.0,9.0,1.0,0.05,0.5,0.01,0.5,0.1,-0.8,0.02,-0.001,-0.005,-0.01
1700004020,BTC/USD,37.0,10.0,9.0,1.0,0.05,0.5,0.01,0.5,0.1,-0.6,0.02,-0.001,-0.005,-0.01
1700004080,BTC/USD,38.0,10.0,9.0,1.0,0.05,0.5,0.01,0.5,0.1,-0.4,0.02,0.0,0.0,0.0
1700004140,BTC/USD,39.0,10.0,9.0,1.0,0.05,0.5,0.01,0.5,0.1,-0.2,0.02,0.0,0.0,0.0
1700004200,BTC/USD,40.0,10.0,9.0,1.0,0.05,0.5,0.01,0.5,0.1,0.0,0.02,0.0,0.0,0.0
1700004260,BTC/USD,41.0,10.0,9.0,1.0,0.05,0.5,0.01,0.5,0.1,0.2,0.02,0.0,0.0,0.0
1700004320,BTC/USD,42.0,10.0,9.0,1.0,0.05,0.5,0.01,0.5,0.1,0.4,0.02,0.0,0.0,0.0
1700004380,BTC/USD,43.0,10.0,9.0,1.0,0.05,0.5,0.01,0.5,0.1,0.6,0.02,0.0,0.0,0.0
1700004440,BTC/USD,44.0,10.0,9.0,1.0,0.05,0.5,0.01,0.5,0.1,0.8,0.02,0.0,0.0,0.0
1700004500,BTC/USD,45.0,10.0,9.0,1.0,0.05,0.5,0.01,0.5,0.1,1.0,0.02,0.0,0.0,0.0
1700004560,BTC/USD,46.0,10.0,9.0,1.0,0.05,0.5,0.01,0.5,0.1,1.2,0.02,0.0,0.0,0.0
1700004620,BTC/USD,47.0,10.0,9.0,1.0,0.05,0.5,0.01,0.5,0.1,1.4,0.02,0.0,0.0,0.0
1700004680,BTC/USD,48.0,10.0,9.0,1.0,0.05,0.5,0.01,0.5,0.1,1.6,0.02,0.0,0.0,0.0
1700004740,BTC/USD,49.0,10.0,9.0,1.0,0.05,0.5,0.01,0.5,0.1,1.8,0.02,0.0,0.0,0.0
1700004800,BTC/USD,50.0,10.0,9.0,1.0,0.05,0.5,0.01,0.5,0.1,-2.0,0.02,0.0,0.0,0.0
1700004860,BTC/USD,51.0,10.0,9.0,1.0,0.05,0.5,0.01,0.5,0.1,-1.8,0.02,0.0,0.0,0.0
1700004920,BTC/USD,52.0,10.0,9.0,1.0,0.05,0.5,0.01,0.5,0.1,-1.6,0.02,0.0,0.0,0.0
1700004980,BTC/USD,53.0,10.0,9.0,1.0,0.05,0.5,0.01,0.5,0.1,-1.4,0.02,0.0,0.0,0.0
1700005040,BTC/USD,54.0,10.0,9.0,1.0,0.05,0.5,0.01,0.5,0.1,-1.2,0.02,0.0,0.0,0.0
1700005100,BTC/USD,55.0,10.0,9.0,1.0,0.05,0.5,0.01,0.5,0.1,-1.0,0.02,0.0,0.0,0.0
1700005160,BTC/USD,56.0,10.0,9.0,1.0,0.05,0.5,0.01,0.5,0.1,-0.8,0.02,0.0,0.0,0.0
1700005220,BTC/USD,57.0,10.0,9.0,1.0,0.05,0.5,0.01,0.5,0.1,-0.6,0.02,0.0,0.0,0.0
1700005280,BTC/USD,58.0,10.0,9.0,1.0,0.05,0.5,0.01,0.5,0.1,-0.4,0.02,0.0,0.0,0.0
1700005340,BTC/USD,59.0,10.0,9.0,1.0,0.05,0.5,0.01,0.5,0.1,-0.2,0.02,0.0,0.0,0.0
1700005400,BTC/USD,60.0,10.0,9.0,1.0,0.05,0.5,0.01,0.5,0.1,0.0,0.02,0.0,0.0,0.0
1700005460,BTC/USD,61.0,10.0,9.0,1.0,0.05,0.5,0.01,0.5,0.1,0.2,0.02,0.0,0.0,0.0
1700005520,BTC/USD,62.0,10.0,9.0,1.0,0.05,0.5,0.01,0.5,0.1,0.4,0.02,0.0,0.0,0.0
1700005580,BTC/USD,63.0,10.0,9.0,1.0,0.05,0.5,0.01,0.5,0.1,0.6,0.02,0.001,0.005,0.01
1700005640,BTC/USD,64.0,10.0,9.0,1.0,0.05,0.5,0.01,0.5,0.1,0.8,0.02,0.001,0.005,0.01
1700005700,BTC/USD,65.0,10.0,9.0,1.0,0.05,0.5,0.01,0.5,0.1,1.0,0.02,0.001,0.005,0.01
1700005760,BTC/USD,66.0,10.0,9.0,1.0,0.05,0.5,0.01,0.5,0.1,1.2,0.02,0.001,0.005,0.01
1700005820,BTC/USD,67.0,10.0,9.0,1.0,0.05,0.5,0.01,0.5,0.1,1.4,0.02,0.001,0.005,0.01
1700005880,BTC/USD,68.0,10.0,9.0,1.0,0.05,0.5,0.01,0.5,0.1,1.6,0.02,0.001,0.005,0.01
1700005940,BTC/USD,69.0,10.0,9.0,1.0,0.05,0.5,0.01,0.5,0.1,1.8,0.02,0.001,0.005,0.01
1700006000,BTC/USD,70.0,10.0,9.0,1.0,0.05,0.5,0.01,0.5,0.1,-2.0,0.02,0.0,0.0,0.0
1700006060,BTC/USD,71.0,10.0,9.0,1.0,0.05,0.5,0.01,0.5,0.1,-1.8,0.02,0.0,0.0,0.0
1700006120,BTC/USD,72.0,10.0,9.0,1.0,0.05,0.5,0.01,0.5,0.1,-1.6,0.02,0.0,0.0,0.0
1700006180,BTC/USD,73.0,10.0,9.0,1.0,0.05,0.5,0.01,0.5,0.1,-1.4,0.02,0.0,0.0,0.0
1700006240,BTC/USD,74.0,10.0,9.0,1.0,0.05,0.5,0.01,0.5,0.1,-1.2,0.02,0.0,0.0,0.0
1700006300,BTC/USD,75.0,10.0,9.0,1.0,0.05,0.5,0.01,0.5,0.1,-1.0,0.02,0.0,0.0,0.0
1700006360,BTC/USD,76.0,10.0,9.0,1.0,0.05,0.5,0.01,0.5,0.1,-0.8,0.02,0.0,0.0,0.0
1700006420,BTC/USD,77.0,10.0,9.0,1.0,0.05,0.5,0.01,0.5,0.1,-0.6,0.02,0.0,0.0,0.0
1700006480,BTC/USD,78.0,10.0,9.0,1.0,0.05,0.5,0.01,0.5,0.1,-0.4,0.02,0.0,0.0,0.0
1700006540,BTC/USD,79.0,10.0,9.0,1.0,0.05,0.5,0.01,0.5,0.1,-0.2,0.02,0.0,0.0,0.0
1700006600,BTC/USD,80.0,10.0,9.0,1.0,0.05,0.5,0.01,0.5,0.1,0.0,0.02,0.0,0.0,0.0
1700006660,BTC/USD,81.0,10.0,9.0,1.0,0.05,0.5,0.01,0.5,0.1,0.2,0.02,0.0,0.0,0.0
1700006720,BTC/USD,82.0,10.0,9.0,1.0,0.05,0.5,0.01,0.5,0.1,0.4,0.02,0.0,0.0,0.0
1700006780,BTC/USD,83.0,10.0,9.0,1.0,0.05,0.5,0.01,0.5,0.1,0.6,0.02,0.001,0.005,0.01
1700006840,BTC/USD,84.0,10.0,9.0,1.0,0.05,0.5,0.01,0.5,0.1,0.8,0.02,0.001,0.005,0.01
1700006900,BTC/USD,85.0,10.0,9.0,1.0,0.05,0.5,0.01,0.5,0.1,1.0,0.02,0.001,0.005,0.01
1700006960,BTC/USD,86.0,10.0,9.0,1.0,0.05,0.5,0.01,0.5,0.1,1.2,0.02,0.001,0.005,0.01
1700007020,BTC/USD,87.0,10.0,9.0,1.0,0.05,0.5,0.01,0.5,0.1,1.4,0.02,0.001,0.005,0.01
1700007080,BTC/USD,88.0,10.0,9.0,1.0,0.05,0.5,0.01,0.5,0.1,1.6,0.02,0.001,0.005,0.01
1700007140,BTC/USD,89.0,10.0,9.0,1.0,0.05,0.5,0.01,0.5,0.1,1.8,0.02,0.001,0.005,0.01
1700007200,BTC/USD,30.0,10.0,9.0,1.0,0.05,0.5,0.01,0.5,0.1,-2.0,0.02,-0.001,-0.005,-0.01
1700007260,BTC/USD,31.0,10.0,9.0,1.0,0.05,0.5,0.01,0.5,0.1,-1.8,0.02,-0.001,-0.005,-0.01
1700007320,BTC/USD,32.0,10.0,9.0,1.0,0.05,0.5,0.01,0.5,0.1,-1.6,0.02,-0.001,-0.005,-0.01
1700007380,BTC/USD,33.0,10.0,9.0,1.0,0.05,0.5,0.01,0.5,0.1,-1.4,0.02,-0.001,-0.005,-0.01
1700007440,BTC/USD,34.0,10.0,9.0,1.0,0.05,0.5,0.01,0.5,0.1,-1.2,0.02,-0.001,-0.005,-0.01
1700007500,BTC/USD,35.0,10.0,9.0,1.0,0.05,0.5,0.01,0.5,0.1,-1.0,0.02,-0.001,-0.005,-0.01
1700007560,BTC/USD,36.0,10.0,9.0,1.0,0.05,0.5,0.01,0.5,0.1,-0.8,0.02,-0.001,-0.005,-0.01
1700007620,BTC/USD,37.0,10.0,9.0,1.0,0.05,0.5,0.01,0.5,0.1,-0.6,0.02,-0.001,-0.005,-0.01
1700007680,BTC/USD,38.0,10.0,9.0,1.0,0.05,0.5,0.01,0.5,0.1,-0.4,0.02,0.0,0.0,0.0
1700007740,BTC/USD,39.0,10.0,9.0,1.0,0.05,0.5,0.01,0.5,0.1,-0.2,0.02,0.0,0.0,0.0
1700007800,BTC/USD,40.0,10.0,9.0,1.0,0.05,0.5,0.01,0.5,0.1,0.0,0.02,0.0,0.0,0.0
1700007860,BTC/USD,41.0,10.0,9.0,1.0,0.05,0.5,0.01,0.5,0.1,0.2,0.02,0.0,0.0,0.0
1700007920,BTC/USD,42.0,10.0,9.0,1.0,0.05,0.5,0.01,0.5,0.1,0.4,0.02,0.0,0.0,0.0
1700007980,BTC/USD,43.0,10.0,9.0,1.0,0.05,0.5,0.01,0.5,0.1,0.6,0.02,0.0,0.0,0.0
1700008040,BTC/USD,44.0,10.0,9.0,1.0,0.05,0.5,0.01,0.5,0.1,0.8,0.02,0.0,0.0,0.0
1700008100,BTC/USD,45.0,10.0,9.0,1.0,0.05,0.5,0.01,0.5,0.1,1.0,0.02,0.0,0.0,0.0
1700008160,BTC/USD,46.0,10.0,9.0,1.0,0.05,0.5,0.01,0.5,0.1,1.2,0.02,0.0,0.0,0.0
1700008220,BTC/USD,47.0,10.0,9.0,1.0,0.05,0.5,0.01,0.5,0.1,1.4,0.02,0.0,0.0,0.0
1700008280,BTC/USD,48.0,10.0,9.0,1.0,0.05,0.5,0.01,0.5,0.1,1.6,0.02,0.0,0.0,0.0
1700008340,BTC/USD,49.0,10.0,9.0,1.0,0.05,0.5,0.01,0.5,0.1,1.8,0.02,0.0,0.0,0.0
1700008400,BTC/USD,50.0,10.0,9.0,1.0,0.05,0.5,0.01,0.5,0.1,-2.0,0.02,0.0,0.0,0.0
1700008460,BTC/USD,51.0,10.0,9.0,1.0,0.05,0.5,0.01,0.5,0.1,-1.8,0.02,0.0,0.0,0.0
1700008520,BTC/USD,52.0,10.0,9.0,1.0,0.05,0.5,0.01,0.5,0.1,-1.6,0.02,0.0,0.0,0.0
1700008580,BTC/USD,53.0,10.0,9.0,1.0,0.05,0.5,0.01,0.5,0.1,-1.4,0.02,0.0,0.0,0.0
1700008640,BTC/USD,54.0,10.0,9.0,1.0,0.05,0.5,0.01,0.5,0.1,-1.2,0.02,0.0,0.0,0.0
1700008700,BTC/USD,55.0,10.0,9.0,1.0,0.05,0.5,0.01,0.5,0.1,-1.0,0.02,0.0,0.0,0.0
1700008760,BTC/USD,56.0,10.0,9.0,1.0,0.05,0.5,0.01,0.5,0.1,-0.8,0.02,0.0,0.0,0.0
1700008820,BTC/USD,57.0,10.0,9.0,1.0,0.05,0.5,0.01,0.5,0.1,-0.6,0.02,0.0,0.0,0.0
1700008880,BTC/USD,58.0,10.0,9.0,1.0,0.05,0.5,0.01,0.5,0.1,-0.4,0.02,0.0,0.0,0.0
1700008940,BTC/USD,59.0,10.0,9.0,1.0,0.05,0.5,0.01,0.5,0.1,-0.2,0.02,0.0,0.0,0.0
1700009000,BTC/USD,60.0,10.0,9.0,1.0,0.05,0.5,0.01,0.5,0.1,0.0,0.02,0.0,0.0,0.0
1700009060,BTC/USD,61.0,10.0,9.0,1.0,0.05,0.5,0.01,0.5,0.1,0.2,0.02,0.0,0.0,0.0
1700009120,BTC/USD,62.0,10.0,9.0,1.0,0.05,0.5,0.01,0.5,0.1,0.4,0.02,0.0,0.0,0.0
1700009180,BTC/USD,63.0,10.0,9.0,1.0,0.05,0.5,0.01,0.5,0.1,0.6,0.02,0.001,0.005,0.01
1700009240,BTC/USD,64.0,10.0,9.0,1.0,0.05,0.5,0.01,0.5,0.1,0.8,0.02,0.001,0.005,0.01
1700009300,BTC/USD,65.0,10.0,9.0,1.0,0.05,0.5,0.01,0.5,0.1,1.0,0.02,0.001,0.005,0.01
1700009360,BTC/USD,66.0,10.0,9.0,1.0,0.05,0.5,0.01,0.5,0.1,1.2,0.02,0.001,0.005,0.01
1700009420,BTC/USD,67.0,10.0,9.0,1.0,0.05,0.5,0.01,0.5,0.1,1.4,0.02,0.001,0.005,0.01
1700009480,BTC/USD,68.0,10.0,9.0,1.0,0.05,0.5,0.01,0.5,0.1,1.6,0.02,0.001,0.005,0.01
1700009540,BTC/USD,69.0,10.0,9.0,1.0,0.05,0.5,0.01,0.5,0.1,1.8,0.02,0.001,0.005,0.01
1700009600,BTC/USD,70.0,10.0,9.0,1.0,0.05,0.5,0.01,0.5,0.1,-2.0,0.02,0.0,0.0,0.0
1700009660,BTC/USD,71.0,10.0,9.0,1.0,0.05,0.5,0.01,0.5,0.1,-1.8,0.02,0.0,0.0,0.0
1700009720,BTC/USD,72.0,10.0,9.0,1.0,0.05,0.5,0.01,0.5,0.1,-1.6,0.02,0.0,0.0,0.0
1700009780,BTC/USD,73.0,10.0,9.0,1.0,0.05,0.5,0.01,0.5,0.1,-1.4,0.02,0.0,0.0,0.0
1700009840,BTC/USD,74.0,10.0,9.0,1.0,0.05,0.5,0.01,0.5,0.1,-1.2,0.02,0.0,0.0,0.0
1700009900,BTC/USD,75.0,10.0,9.0,1.0,0.05,0.5,0.01,0.5,0.1,-1.0,0.02,0.0,0.0,0.0
1700009960,BTC/USD,76.0,10.0,9.0,1.0,0.05,0.5,0.01,0.5,0.1,-0.8,0.02,0.0,0.0,0.0
1700010020,BTC/USD,77.0,10.0,9.0,1.0,0.05,0.5,0.01,0.5,0.1,-0.6,0.02,0.0,0.0,0.0
1700010080,BTC/USD,78.0,10.0,9.0,1.0,0.05,0.5,0.01,0.5,0.1,-0.4,0.02,0.0,0.0,0.0
1700010140,BTC/USD,79.0,10.0,9.0,1.0,0.05,0.5,0.01,0.5,0.1,-0.2,0.02,0.0,0.0,0.0
1700010200,BTC/USD,80.0,10.0,9.0,1.0,0.05,0.5,0.01,0.5,0.1,0.0,0.02,0.0,0.0,0.0
1700010260,BTC/USD,81.0,10.0,9.0,1.0,0.05,0.5,0.01,0.5,0.1,0.2,0.02,0.0,0.0,0.0
1700010320,BTC/USD,82.0,10.0,9.0,1.0,0.05,0.5,0.01,0.5,0.1,0.4,0.02,0.0,0.0,0.0
1700010380,BTC/USD,83.0,10.0,9.0,1.0,0.05,0.5,0.01,0.5,0.1,0.6,0.02,0.001,0.005,0.01
1700010440,BTC/USD,84.0,10.0,9.0,1.0,0.05,0.5,0.01,0.5,0.1,0.8,0.02,0.001,0.005,0.01
1700010500,BTC/USD,85.0,10.0,9.0,1.0,0.05,0.5,0.01,0.5,0.1,1.0,0.02,0.001,0.005,0.01
1700010560,BTC/USD,86.0,10.0,9.0,1.0,0.05,0.5,0.01,0.5,0.1,1.2,0.02,0.001,0.005,0.01
1700010620,BTC/USD,87.0,10.0,9.0,1.0,0.05,0.5,0.01,0.5,0.1,1.4,0.02,0.001,0.005,0.01
1700010680,BTC/USD,88.0,10.0,9.0,1.0,0.05,0.5,0.01,0.5,0.1,1.6,0.02,0.001,0.005,0.01
1700010740,BTC/USD,89.0,10.0,9.0,1.0,0.05,0.5,0.01,0.5,0.1,1.8,0.02,0.001,0.005,0.01
1700010800,BTC/USD,30.0,10.0,9.0,1.0,0.05,0.5,0.01,0.5,0.1,-2.0,0.02,-0.001,-0.005,-0.01
1700010860,BTC/USD,31.0,10.0,9.0,1.0,0.05,0.5,0.01,0.5,0.1,-1.8,0.02,-0.001,-0.005,-0.01
1700010920,BTC/USD,32.0,10.0,9.0,1.0,0.05,0.5,0.01,0.5,0.1,-1.6,0.02,-0.001,-0.005,-0.01
1700010980,BTC/USD,33.0,10.0,9.0,1.0,0.05,0.5,0.01,0.5,0.1,-1.4,0.02,-0.001,-0.005,-0.01
1700011040,BTC/USD,34.0,10.0,9.0,1.0,0.05,0.5,0.01,0.5,0.1,-1.2,0.02,-0.001,-0.005,-0.01
1700011100,BTC/USD,35.0,10.0,9.0,1.0,0.05,0.5,0.01,0.5,0.1,-1.0,0.02,-0.001,-0.005,-0.01
1700011160,BTC/USD,36.0,10.0,9.0,1.0,0.05,0.5,0.01,0.5,0.1,-0.8,0.02,-0.001,-0.005,-0.01
1700011220,BTC/USD,37.0,10.0,9.0,1.0,0.05,0.5,0.01,0.5,0.1,-0.6,0.02,-0.001,-0.005,-0.01
1700011280,BTC/USD,38.0,10.0,9.0,1.0,0.05,0.5,0.01,0.5,0.1,-0.4,0.02,0.0,0.0,0.0
1700011340,BTC/USD,39.0,10.0,9.0,1.0,0.05,0.5,0.01,0.5,0.1,-0.2,0.02,0.0,0.0,0.0
1700011400,BTC/USD,40.0,10.0,9.0,1.0,0.05,0.5,0.01,0.5,0.1,0.0,0.02,0.0,0.0,0.0
1700011460,BTC/USD,41.0,10.0,9.0,1.0,0.05,0.5,0.01,0.5,0.1,0.2,0.02,0.0,0.0,0.0
1700011520,BTC/USD,42.0,10.0,9.0,1.0,0.05,0.5,0.01,0.5,0.1,0.4,0.02,0.0,0.0,0.0
1700011580,BTC/USD,43.0,10.0,9.0,1.0,0.05,0.5,0.01,0.5,0.1,0.6,0.02,0.0,0.0,0.0
1700011640,BTC/USD,44.0,10.0,9.0,1.0,0.05,0.5,0.01,0.5,0.1,0.8,0.02,0.0,0.0,0.0
1700011700,BTC/USD,45.0,10.0,9.0,1.0,0.05,0.5,0.01,0.5,0.1,1.0,0.02,0.0,0.0,0.0
1700011760,BTC/USD,46.0,10.0,9.0,1.0,0.05,0.5,0.01,0.5,0.1,1.2,0.02,0.0,0.0,0.0
1700011820,BTC/USD,47.0,10.0,9.0,1.0,0.05,0.5,0.01,0.5,0.1,1.4,0.02,0.0,0.0,0.0
1700011880,BTC/USD,48.0,10.0,9.0,1.0,0.05,0.5,0.01,0.5,0.1,1.6,0.02,0.0,0.0,0.0
1700011940,BTC/USD,49.0,10.0,9.0,1.0,0.05,0.5,0.01,0.5,0.1,1.8,0.02,0.0,0.0,0.0
1700012000,BTC/USD,50.0,10.0,9.0,1.0,0.05,0.5,0.01,0.5,0.1,-2.0,0.02,0.0,0.0,0.0
1700012060,BTC/USD,51.0,10.0,9.0,1.0,0.05,0.5,0.01,0.5,0.1,-1.8,0.02,0.0,0.0,0.0
1700012120,BTC/USD,52.0,10.0,9.0,1.0,0.05,0.5,0.01,0.5,0.1,-1.6,0.02,0.0,0.0,0.0
1700012180,BTC/USD,53.0,10.0,9.0,1.0,0.05,0.5,0.01,0.5,0.1,-1.4,0.02,0.0,0.0,0.0
1700012240,BTC/USD,54.0,10.0,9.0,1.0,0.05,0.5,0.01,0.5,0.1,-1.2,0.02,0.0,0.0,0.0
1700012300,BTC/USD,55.0,10.0,9.0,1.0,0.05,0.5,0.01,0.5,0.1,-1.0,0.02,0.0,0.0,0.0
1700012360,BTC/USD,56.0,10.0,9.0,1.0,0.05,0.5,0.01,0.5,0.1,-0.8,0.02,0.0,0.0,0.0
1700012420,BTC/USD,57.0,10.0,9.0,1.0,0.05,0.5,0.01,0.5,0.1,-0.6,0.02,0.0,0.0,0.0
1700012480,BTC/USD,58.0,10.0,9.0,1.0,0.05,0.5,0.01,0.5,0.1,-0.4,0.02,0.0,0.0,0.0
1700012540,BTC/USD,59.0,10.0,9.0,1.0,0.05,0.5,0.01,0.5,0.1,-0.2,0.02,0.0,0.0,0.0
1700012600,BTC/USD,60.0,10.0,9.0,1.0,0.05,0.5,0.01,0.5,0.1,0.0,0.02,0.0,0.0,0.0
1700012660,BTC/USD,61.0,10.0,9.0,1.0,0.05,0.5,0.01,0.5,0.1,0.2,0.02,0.0,0.0,0.0
1700012720,BTC/USD,62.0,10.0,9.0,1.0,0.05,0.5,0.01,0.5,0.1,0.4,0.02,0.0,0.0,0.0
1700012780,BTC/USD,63.0,10.0,9.0,1.0,0.05,0.5,0.01,0.5,0.1,0.6,0.02,0.001,0.005,0.01
1700012840,BTC/USD,64.0,10.0,9.0,1.0,0.05,0.5,0.01,0.5,0.1,0.8,0.02,0.001,0.005,0.01
1700012900,BTC/USD,65.0,10.0,9.0,1.0,0.05,0.5,0.01,0.5,0.1,1.0,0.02,0.001,0.005,0.01
1700012960,BTC/USD,66.0,10.0,9.0,1.0,0.05,0.5,0.01,0.5,0.1,1.2,0.02,0.001,0.005,0.01
1700013020,BTC/USD,67.0,10.0,9.0,1.0,0.05,0.5,0.01,0.5,0.1,1.4,0.02,0.001,0.005,0.01
1700013080,BTC/USD,68.0,10.0,9.0,1.0,0.05,0.5,0.01,0.5,0.1,1.6,0.02,0.001,0.005,0.01
1700013140,BTC/USD,69.0,10.0,9.0,1.0,0.05,0.5,0.01,0.5,0.1,1.8,0.02,0.001,0.005,0.01
1700013200,BTC/USD,70.0,10.0,9.0,1.0,0.05,0.5,0.01,0.5,0.1,-2.0,0.02,0.0,0.0,0.0
1700013260,BTC/USD,71.0,10.0,9.0,1.0,0.05,0.5,0.01,0.5,0.1,-1.8,0.02,0.0,0.0,0.0
1700013320,BTC/USD,72.0,10.0,9.0,1.0,0.05,0.5,0.01,0.5,0.1,-1.6,0.02,0.0,0.0,0.0
1700013380,BTC/USD,73.0,10.0,9.0,1.0,0.05,0.5,0.01,0.5,0.1,-1.4,0.02,0.0,0.0,0.0
1700013440,BTC/USD,74.0,10.0,9.0,1.0,0.05,0.5,0.01,0.5,0.1,-1.2,0.02,0.0,0.0,0.0
1700013500,BTC/USD,75.0,10.0,9.0,1.0,0.05,0.5,0.01,0.5,0.1,-1.0,0.02,0.0,0.0,0.0
1700013560,BTC/USD,76.0,10.0,9.0,1.0,0.05,0.5,0.01,0.5,0.1,-0.8,0.02,0.0,0.0,0.0
1700013620,BTC/USD,77.0,10.0,9.0,1.0,0.05,0.5,0.01,0.5,0.1,-0.6,0.02,0.0,0.0,0.0
1700013680,BTC/USD,78.0,10.0,9.0,1.0,0.05,0.5,0.01,0.5,0.1,-0.4,0.02,0.0,0.0,0.0
1700013740,BTC/USD,79.0,10.0,9.0,1.0,0.05,0.5,0.01,0.5,0.1,-0.2,0.02,0.0,0.0,0.0
1700013800,BTC/USD,80.0,10.0,9.0,1.0,0.05,0.5,0.01,0.5,0.1,0.0,0.02,0.0,0.0,0.0
1700013860,BTC/USD,81.0,10.0,9.0,1.0,0.05,0.5,0.01,0.5,0.1,0.2,0.02,0.0,0.0,0.0
1700013920,BTC/USD,82.0,10.0,9.0,1.0,0.05,0.5,0.01,0.5,0.1,0.4,0.02,0.0,0.0,0.0
1700013980,BTC/USD,83.0,10.0,9.0,1.0,0.05,0.5,0.01,0.5,0.1,0.6,0.02,0.001,0.005,0.01
1700014040,BTC/USD,84.0,10.0,9.0,1.0,0.05,0.5,0.01,0.5,0.1,0.8,0.02,0.001,0.005,0.01
1700014100,BTC/USD,85.0,10.0,9.0,1.0,0.05,0.5,0.01,0.5,0.1,1.0,0.02,0.001,0.005,0.01
1700014160,BTC/USD,86.0,10.0,9.0,1.0,0.05,0.5,0.01,0.5,0.1,1.2,0.02,0.001,0.005,0.01
1700014220,BTC/USD,87.0,10.0,9.0,1.0,0.05,0.5,0.01,0.5,0.1,1.4,0.02,0.001,0.005,0.01
1700014280,BTC/USD,88.0,10.0,9.0,1.0,0.05,0.5,0.01,0.5,0.1,1.6,0.02,0.001,0.005,0.01
1700014340,BTC/USD,89.0,10.0,9.0,1.0,0.05,0.5,0.01,0.5,0.1,1.8,0.02,0.001,0.005,0.01
1700014400,BTC/USD,30.0,10.0,9.0,1.0,0.05,0.5,0.01,0.5,0.1,-2.0,0.02,-0.001,-0.005,-0.01
1700014460,BTC/USD,31.0,10.0,9.0,1.0,0.05,0.5,0.01,0.5,0.1,-1.8,0.02,-0.001,-0.005,-0.01
1700014520,BTC/USD,32.0,10.0,9.0,1.0,0.05,0.5,0.01,0.5,0.1,-1.6,0.02,-0.001,-0.005,-0.01
1700014580,BTC/USD,33.0,10.0,9.0,1.0,0.05,0.5,0.01,0.5,0.1,-1.4,0.02,-0.001,-0.005,-0.01
1700014640,BTC/USD,34.0,10.0,9.0,1.0,0.05,0.5,0.01,0.5,0.1,-1.2,0.02,-0.001,-0.005,-0.01
1700014700,BTC/USD,35.0,10.0,9.0,1.0,0.05,0.5,0.01,0.5,0.1,-1.0,0.02,-0.001,-0.005,-0.01
1700014760,BTC/USD,36.0,10.0,9.0,1.0,0.05,0.5,0.01,0.5,0.1,-0.8,0.02,-0.001,-0.005,-0.01
1700014820,BTC/USD,37.0,10.0,9.0,1.0,0.05,0.5,0.01,0.5,0.1,-0.6,0.02,-0.001,-0.005,-0.01
1700014880,BTC/USD,38.0,10.0,9.0,1.0,0.05,0.5,0.01,0.5,0.1,-0.4,0.02,0.0,0.0,0.0
1700014940,BTC/USD,39.0,10.0,9.0,1.0,0.05,0.5,0.01,0.5,0.1,-0.2,0.02,0.0,0.0,0.0
1700015000,BTC/USD,40.0,10.0,9.0,1.0,0.05,0.5,0.01,0.5,0.1,0.0,0.02,0.0,0.0,0.0
1700015060,BTC/USD,41.0,10.0,9.0,1.0,0.05,0.5,0.01,0.5,0.1,0.2,0.02,0.0,0.0,0.0
1700015120,BTC/USD,42.0,10.0,9.0,1.0,0.05,0.5,0.01,0.5,0.1,0.4,0.02,0.0,0.0,0.0
1700015180,BTC/USD,43.0,10.0,9.0,1.0,0.05,0.5,0.01,0.5,0.1,0.6,0.02,0.0,0.0,0.0
1700015240,BTC/USD,44.0,10.0,9.0,1.0,0.05,0.5,0.01,0.5,0.1,0.8,0.02,0.0,0.0,0.0
1700015300,BTC/USD,45.0,10.0,9.0,1.0,0.05,0.5,0.01,0.5,0.1,1.0,0.02,0.0,0.0,0.0
1700015360,BTC/USD,46.0,10.0,9.0,1.0,0.05,0.5,0.01,0.5,0.1,1.2,0.02,0.0,0.0,0.0
1700015420,BTC/USD,47.0,10.0,9.0,1.0,0.05,0.5,0.01,0.5,0.1,1.4,0.02,0.0,0.0,0.0
1700015480,BTC/USD,48.0,10.0,9.0,1.0,0.05,0.5,0.01,0.5,0.1,1.6,0.02,0.0,0.0,0.0
1700015540,BTC/USD,49.0,10.0,9.0,1.0,0.05,0.5,0.01,0.5,0.1,1.8,0.02,0.0,0.0,0.0
1700015600,BTC/USD,50.0,10.0,9.0,1.0,0.05,0.5,0.01,0.5,0.1,-2.0,0.02,0.0,0.0,0.0
1700015660,BTC/USD,51.0,10.0,9.0,1.0,0.05,0.5,0.01,0.5,0.1,-1.8,0.02,0.0,0.0,0.0
1700015720,BTC/USD,52.0,10.0,9.0,1.0,0.05,0.5,0.01,0.5,0.1,-1.6,0.02,0.0,0.0,0.0
1700015780,BTC/USD,53.0,10.0,9.0,1.0,0.05,0.5,0.01,0.5,0.1,-1.4,0.02,0.0,0.0,0.0
1700015840,BTC/USD,54.0,10.0,9.0,1.0,0.05,0.5,0.01,0.5,0.1,-1.2,0.02,0.0,0.0,0.0
1700015900,BTC/USD,55.0,10.0,9.0,1.0,0.05,0.5,0.01,0.5,0.1,-1.0,0.02,0.0,0.0,0.0
1700015960,BTC/USD,56.0,10.0,9.0,1.0,0.05,0.5,0.01,0.5,0.1,-0.8,0.02,0.0,0.0,0.0
1700016020,BTC/USD,57.0,10.0,9.0,1.0,0.05,0.5,0.01,0.5,0.1,-0.6,0.02,0.0,0.0,0.0
1700016080,BTC/USD,58.0,10.0,9.0,1.0,0.05,0.5,0.01,0.5,0.1,-0.4,0.02,0.0,0.0,0.0
1700016140,BTC/USD,59.0,10.0,9.0,1.0,0.05,0.5,0.01,0.5,0.1,-0.2,0.02,0.0,0.0,0.0
1700016200,BTC/USD,60.0,10.0,9.0,1.0,0.05,0.5,0.01,0.5,0.1,0.0,0.02,0.0,0.0,0.0
1700016260,BTC/USD,61.0,10.0,9.0,1.0,0.05,0.5,0.01,0.5,0.1,0.2,0.02,0.0,0.0,0.0
1700016320,BTC/USD,62.0,10.0,9.0,1.0,0.05,0.5,0.01,0.5,0.1,0.4,0.02,0.0,0.0,0.0
1700016380,BTC/USD,63.0,10.0,9.0,1.0,0.05,0.5,0.01,0.5,0.1,0.6,0.02,0.001,0.005,0.01
1700016440,BTC/USD,64.0,10.0,9.0,1.0,0.05,0.5,0.01,0.5,0.1,0.8,0.02,0.001,0.005,0.01
1700016500,BTC/USD,65.0,10.0,9.0,1.0,0.05,0.5,0.01,0.5,0.1,1.0,0.02,0.001,0.005,0.01
1700016560,BTC/USD,66.0,10.0,9.0,1.0,0.05,0.5,0.01,0.5,0.1,1.2,0.02,0.001,0.005,0.01
1700016620,BTC/USD,67.0,10.0,9.0,1.0,0.05,0.5,0.01,0.5,0.1,1.4,0.02,0.001,0.005,0.01
1700016680,BTC/USD,68.0,10.0,9.0,1.0,0.05,0.5,0.01,0.5,0.1,1.6,0.02,0.001,0.005,0.01
1700016740,BTC/USD,69.0,10.0,9.0,1.0,0.05,0.5,0.01,0.5,0.1,1.8,0.02,0.001,0.005,0.01
1700016800,BTC/USD,70.0,10.0,9.0,1.0,0.05,0.5,0.01,0.5,0.1,-2.0,0.02,0.0,0.0,0.0
1700016860,BTC/USD,71.0,10.0,9.0,1.0,0.05,0.5,0.01,0.5,0.1,-1.8,0.02,0.0,0.0,0.0
1700016920,BTC/USD,72.0,10.0,9.0,1.0,0.05,0.5,0.01,0.5,0.1,-1.6,0.02,0.0,0.0,0.0
1700016980,BTC/USD,73.0,10.0,9.0,1.0,0.05,0.5,0.01,0.5,0.1,-1.4,0.02,0.0,0.0,0.0
1700017040,BTC/USD,74.0,10.0,9.0,1.0,0.05,0.5,0.01,0.5,0.1,-1.2,0.02,0.0,0.0,0.0
1700017100,BTC/USD,75.0,10.0,9.0,1.0,0.05,0.5,0.01,0.5,0.1,-1.0,0.02,0.0,0.0,0.0
1700017160,BTC/USD,76.0,10.0,9.0,1.0,0.05,0.5,0.01,0.5,0.1,-0.8,0.02,0.0,0.0,0.0
1700017220,BTC/USD,77.0,10.0,9.0,1.0,0.05,0.5,0.01,0.5,0.1,-0.6,0.02,0.0,0.0,0.0
1700017280,BTC/USD,78.0,10.0,9.0,1.0,0.05,0.5,0.01,0.5,0.1,-0.4,0.02,0.0,0.0,0.0
1700017340,BTC/USD,79.0,10.0,9.0,1.0,0.05,0.5,0.01,0.5,0.1,-0.2,0.02,0.0,0.0,0.0
1700017400,BTC/USD,80.0,10.0,9.0,1.0,0.05,0.5,0.01,0.5,0.1,0.0,0.02,0.0,0.0,0.0
1700017460,BTC/USD,81.0,10.0,9.0,1.0,0.05,0.5,0.01,0.5,0.1,0.2,0.02,0.0,0.0,0.0
1700017520,BTC/USD,82.0,10.0,9.0,1.0,0.05,0.5,0.01,0.5,0.1,0.4,0.02,0.0,0.0,0.0
1700017580,BTC/USD,83.0,10.0,9.0,1.0,0.05,0.5,0.01,0.5,0.1,0.6,0.02,0.001,0.005,0.01
1700017640,BTC/USD,84.0,10.0,9.0,1.0,0.05,0.5,0.01,0.5,0.1,0.8,0.02,0.001,0.005,0.01
1700017700,BTC/USD,85.0,10.0,9.0,1.0,0.05,0.5,0.01,0.5,0.1,1.0,0.02,0.001,0.005,0.01
1700017760,BTC/USD,86.0,10.0,9.0,1.0,0.05,0.5,0.01,0.5,0.1,1.2,0.02,0.001,0.005,0.01
1700017820,BTC/USD,87.0,10.0,9.0,1.0,0.05,0.5,0.01,0.5,0.1,1.4,0.02,0.001,0.005,0.01
1700017880,BTC/USD,88.0,10.0,9.0,1.0,0.05,0.5,0.01,0.5,0.1,1.6,0.02,0.001,0.005,0.01
1700017940,BTC/USD,89.0,10.0,9.0,1.0,0.05,0.5,0.01,0.5,0.1,1.8,0.02,0.001,0.005,0.01
1700018000,BTC/USD,30.0,10.0,9.0,1.0,0.05,0.5,0.01,0.5,0.1,-2.0,0.02,-0.001,-0.005,-0.01
1700018060,BTC/USD,31.0,10.0,9.0,1.0,0.05,0.5,0.01,0.5,0.1,-1.8,0.02,-0.001,-0.005,-0.01
1700018120,BTC/USD,32.0,10.0,9.0,1.0,0.05,0.5,0.01,0.5,0.1,-1.6,0.02,-0.001,-0.005,-0.01
1700018180,BTC/USD,33.0,10.0,9.0,1.0,0.05,0.5,0.01,0.5,0.1,-1.4,0.02,-0.001,-0.005,-0.01
1700018240,BTC/USD,34.0,10.0,9.0,1.0,0.05,0.5,0.01,0.5,0.1,-1.2,0.02,-0.001,-0.005,-0.01
1700018300,BTC/USD,35.0,10.0,9.0,1.0,0.05,0.5,0.01,0.5,0.1,-1.0,0.02,-0.001,-0.005,-0.01
1700018360,BTC/USD,36.0,10.0,9.0,1.0,0.05,0.5,0.01,0.5,0.1,-0.8,0.02,-0.001,-0.005,-0.01
1700018420,BTC/USD,37.0,10.0,9.0,1.0,0.05,0.5,0.01,0.5,0.1,-0.6,0.02,-0.001,-0.005,-0.01
1700018480,BTC/USD,38.0,10.0,9.0,1.0,0.05,0.5,0.01,0.5,0.1,-0.4,0.02,0.0,0.0,0.0
1700018540,BTC/USD,39.0,10.0,9.0,1.0,0.05,0.5,0.01,0.5,0.1,-0.2,0.02,0.0,0.0,0.0
1700018600,BTC/USD,40.0,10.0,9.0,1.0,0.05,0.5,0.01,0.5,0.1,0.0,0.02,0.0,0.0,0.0
1700018660,BTC/USD,41.0,10.0,9.0,1.0,0.05,0.5,0.01,0.5,0.1,0.2,0.02,0.0,0.0,0.0
1700018720,BTC/USD,42.0,10.0,9.0,1.0,0.05,0.5,0.01,0.5,0.1,0.4,0.02,0.0,0.0,0.0
1700018780,BTC/USD,43.0,10.0,9.0,1.0,0.05,0.5,0.01,0.5,0.1,0.6,0.02,0.0,0.0,0.0
1700018840,BTC/USD,44.0,10.0,9.0,1.0,0.05,0.5,0.01,0.5,0.1,0.8,0.02,0.0,0.0,0.0
1700018900,BTC/USD,45.0,10.0,9.0,1.0,0.05,0.5,0.01,0.5,0.1,1.0,0.02,0.0,0.0,0.0
1700018960,BTC/USD,46.0,10.0,9.0,1.0,0.05,0.5,0.01,0.5,0.1,1.2,0.02,0.0,0.0,0.0
1700019020,BTC/USD,47.0,10.0,9.0,1.0,0.05,0.5,0.01,0.5,0.1,1.4,0.02,0.0,0.0,0.0
1700019080,BTC/USD,48.0,10.0,9.0,1.0,0.05,0.5,0.01,0.5,0.1,1.6,0.02,0.0,0.0,0.0
1700019140,BTC/USD,49.0,10.0,9.0,1.0,0.05,0.5,0.01,0.5,0.1,1.8,0.02,0.0,0.0,0.0
1700019200,BTC/USD,50.0,10.0,9.0,1.0,0.05,0.5,0.01,0.5,0.1,-2.0,0.02,0.0,0.0,0.0
1700019260,BTC/USD,51.0,10.0,9.0,1.0,0.05,0.5,0.01,0.5,0.1,-1.8,0.02,0.0,0.0,0.0
1700019320,BTC/USD,52.0,10.0,9.0,1.0,0.05,0.5,0.01,0.5,0.1,-1.6,0.02,0.0,0.0,0.0
1700019380,BTC/USD,53.0,10.0,9.0,1.0,0.05,0.5,0.01,0.5,0.1,-1.4,0.02,0.0,0.0,0.0
1700019440,BTC/USD,54.0,10.0,9.0,1.0,0.05,0.5,0.01,0.5,0.1,-1.2,0.02,0.0,0.0,0.0
1700019500,BTC/USD,55.0,10.0,9.0,1.0,0.05,0.5,0.01,0.5,0.1,-1.0,0.02,0.0,0.0,0.0
1700019560,BTC/USD,56.0,10.0,9.0,1.0,0.05,0.5,0.01,0.5,0.1,-0.8,0.02,0.0,0.0,0.0
1700019620,BTC/USD,57.0,10.0,9.0,1.0,0.05,0.5,0.01,0.5,0.1,-0.6,0.02,0.0,0.0,0.0
1700019680,BTC/USD,58.0,10.0,9.0,1.0,0.05,0.5,0.01,0.5,0.1,-0.4,0.02,0.0,0.0,0.0
1700019740,BTC/USD,59.0,10.0,9.0,1.0,0.05,0.5,0.01,0.5,0.1,-0.2,0.02,0.0,0.0,0.0
1700019800,BTC/USD,60.0,10.0,9.0,1.0,0.05,0.5,0.01,0.5,0.1,0.0,0.02,0.0,0.0,0.0
1700019860,BTC/USD,61.0,10.0,9.0,1.0,0.05,0.5,0.01,0.5,0.1,0.2,0.02,0.0,0.0,0.0
1700019920,BTC/USD,62.0,10.0,9.0,1.0,0.05,0.5,0.01,0.5,0.1,0.4,0.02,0.0,0.0,0.0
1700019980,BTC/USD,63.0,10.0,9.0,1.0,0.05,0.5,0.01,0.5,0.1,0.6,0.02,0.001,0.005,0.01
1700020040,BTC/USD,64.0,10.0,9.0,1.0,0.05,0.5,0.01,0.5,0.1,0.8,0.02,0.001,0.005,0.01
1700020100,BTC/USD,65.0,10.0,9.0,1.0,0.05,0.5,0.01,0.5,0.1,1.0,0.02,0.001,0.005,0.01
1700020160,BTC/USD,66.0,10.0,9.0,1.0,0.05,0.5,0.01,0.5,0.1,1.2,0.02,0.001,0.005,0.01
1700020220,BTC/USD,67.0,10.0,9.0,1.0,0.05,0.5,0.01,0.5,0.1,1.4,0.02,0.001,0.005,0.01
1700020280,BTC/USD,68.0,10.0,9.0,1.0,0.05,0.5,0.01,0.5,0.1,1.6,0.02,0.001,0.005,0.01
1700020340,BTC/USD,69.0,10.0,9.0,1.0,0.05,0.5,0.01,0.5,0.1,1.8,0.02,0.001,0.005,0.01
1700020400,BTC/USD,70.0,10.0,9.0,1.0,0.05,0.5,0.01,0.5,0.1,-2.0,0.02,0.0,0.0,0.0
1700020460,BTC/USD,71.0,10.0,9.0,1.0,0.05,0.5,0.01,0.5,0.1,-1.8,0.02,0.0,0.0,0.0
1700020520,BTC/USD,72.0,10.0,9.0,1.0,0.05,0.5,0.01,0.5,0.1,-1.6,0.02,0.0,0.0,0.0
1700020580,BTC/USD,73.0,10.0,9.0,1.0,0.05,0.5,0.01,0.5,0.1,-1.4,0.02,0.0,0.0,0.0
1700020640,BTC/USD,74.0,10.0,9.0,1.0,0.05,0.5,0.01,0.5,0.1,-1.2,0.02,0.0,0.0,0.0
1700020700,BTC/USD,75.0,10.0,9.0,1.0,0.05,0.5,0.01,0.5,0.1,-1.0,0.02,0.0,0.0,0.0
1700020760,BTC/USD,76.0,10.0,9.0,1.0,0.05,0.5,0.01,0.5,0.1,-0.8,0.02,0.0,0.0,0.0
1700020820,BTC/USD,77.0,10.0,9.0,1.0,0.05,0.5,0.01,0.5,0.1,-0.6,0.02,0.0,0.0,0.0
1700020880,BTC/USD,78.0,10.0,9.0,1.0,0.05,0.5,0.01,0.5,0.1,-0.4,0.02,0.0,0.0,0.0
1700020940,BTC/USD,79.0,10.0,9.0,1.0,0.05,0.5,0.01,0.5,0.1,-0.2,0.02,0.0,0.0,0.0
1700021000,BTC/USD,80.0,10.0,9.0,1.0,0.05,0.5,0.01,0.5,0.1,0.0,0.02,0.0,0.0,0.0
1700021060,BTC/USD,81.0,10.0,9.0,1.0,0.05,0.5,0.01,0.5,0.1,0.2,0.02,0.0,0.0,0.0
1700021120,BTC/USD,82.0,10.0,9.0,1.0,0.05,0.5,0.01,0.5,0.1,0.4,0.02,0.0,0.0,0.0
1700021180,BTC/USD,83.0,10.0,9.0,1.0,0.05,0.5,0.01,0.5,0.1,0.6,0.02,0.001,0.005,0.01
1700021240,BTC/USD,84.0,10.0,9.0,1.0,0.05,0.5,0.01,0.5,0.1,0.8,0.02,0.001,0.005,0.01
1700021300,BTC/USD,85.0,10.0,9.0,1.0,0.05,0.5,0.01,0.5,0.1,1.0,0.02,0.001,0.005,0.01
1700021360,BTC/USD,86.0,10.0,9.0,1.0,0.05,0.5,0.01,0.5,0.1,1.2,0.02,0.001,0.005,0.01
1700021420,BTC/USD,87.0,10.0,9.0,1.0,0.05,0.5,0.01,0.5,0.1,1.4,0.02,0.001,0.005,0.01
1700021480,BTC/USD,88.0,10.0,9.0,1.0,0.05,0.5,0.01,0.5,0.1,1.6,0.02,0.001,0.005,0.01
1700021540,BTC/USD,89.0,10.0,9.0,1.0,0.05,0.5,0.01,0.5,0.1,1.8,0.02,0.001,0.005,0.01
1700021600,BTC/USD,30.0,10.0,9.0,1.0,0.05,0.5,0.01,0.5,0.1,-2.0,0.02,-0.001,-0.005,-0.01
1700021660,BTC/USD,31.0,10.0,9.0,1.0,0.05,0.5,0.01,0.5,0.1,-1.8,0.02,-0.001,-0.005,-0.01
1700021720,BTC/USD,32.0,10.0,9.0,1.0,0.05,0.5,0.01,0.5,0.1,-1.6,0.02,-0.001,-0.005,-0.01
1700021780,BTC/USD,33.0,10.0,9.0,1.0,0.05,0.5,0.01,0.5,0.1,-1.4,0.02,-0.001,-0.005,-0.01
1700021840,BTC/USD,34.0,10.0,9.0,1.0,0.05,0.5,0.01,0.5,0.1,-1.2,0.02,-0.001,-0.005,-0.01
1700021900,BTC/USD,35.0,10.0,9.0,1.0,0.05,0.5,0.01,0.5,0.1,-1.0,0.02,-0.001,-0.005,-0.01
1700021960,BTC/USD,36.0,10.0,9.0,1.0,0.05,0.5,0.01,0.5,0.1,-0.8,0.02,-0.001,-0.005,-0.01
1700022020,BTC/USD,37.0,10.0,9.0,1.0,0.05,0.5,0.01,0.5,0.1,-0.6,0.02,-0.001,-0.005,-0.01
1700022080,BTC/USD,38.0,10.0,9.0,1.0,0.05,0.5,0.01,0.5,0.1,-0.4,0.02,0.0,0.0,0.0
1700022140,BTC/USD,39.0,10.0,9.0,1.0,0.05,0.5,0.01,0.5,0.1,-0.2,0.02,0.0,0.0,0.0
1700022200,BTC/USD,40.0,10.0,9.0,1.0,0.05,0.5,0.01,0.5,0.1,0.0,0.02,0.0,0.0,0.0
1700022260,BTC/USD,41.0,10.0,9.0,1.0,0.05,0.5,0.01,0.5,0.1,0.2,0.02,0.0,0.0,0.0
1700022320,BTC/USD,42.0,10.0,9.0,1.0,0.05,0.5,0.01,0.5,0.1,0.4,0.02,0.0,0.0,0.0
1700022380,BTC/USD,43.0,10.0,9.0,1.0,0.05,0.5,0.01,0.5,0.1,0.6,0.02,0.0,0.0,0.0
1700022440,BTC/USD,44.0,10.0,9.0,1.0,0.05,0.5,0.01,0.5,0.1,0.8,0.02,0.0,0.0,0.0
1700022500,BTC/USD,45.0,10.0,9.0,1.0,0.05,0.5,0.01,0.5,0.1,1.0,0.02,0.0,0.0,0.0
1700022560,BTC/USD,46.0,10.0,9.0,1.0,0.05,0.5,0.01,0.5,0.1,1.2,0.02,0.0,0.0,0.0
1700022620,BTC/USD,47.0,10.0,9.0,1.0,0.05,0.5,0.01,0.5,0.1,1.4,0.02,0.0,0.0,0.0
1700022680,BTC/USD,48.0,10.0,9.0,1.0,0.05,0.5,0.01,0.5,0.1,1.6,0.02,0.0,0.0,0.0
1700022740,BTC/USD,49.0,10.0,9.0,1.0,0.05,0.5,0.01,0.5,0.1,1.8,0.02,0.0,0.0,0.0
1700022800,BTC/USD,50.0,10.0,9.0,1.0,0.05,0.5,0.01,0.5,0.1,-2.0,0.02,0.0,0.0,0.0
1700022860,BTC/USD,51.0,10.0,9.0,1.0,0.05,0.5,0.01,0.5,0.1,-1.8,0.02,0.0,0.0,0.0
1700022920,BTC/USD,52.0,10.0,9.0,1.0,0.05,0.5,0.01,0.5,0.1,-1.6,0.02,0.0,0.0,0.0
1700022980,BTC/USD,53.0,10.0,9.0,1.0,0.05,0.5,0.01,0.5,0.1,-1.4,0.02,0.0,0.0,0.0
1700023040,BTC/USD,54.0,10.0,9.0,1.0,0.05,0.5,0.01,0.5,0.1,-1.2,0.02,0.0,0.0,0.0
1700023100,BTC/USD,55.0,10.0,9.0,1.0,0.05,0.5,0.01,0.5,0.1,-1.0,0.02,0.0,0.0,0.0
1700023160,BTC/USD,56.0,10.0,9.0,1.0,0.05,0.5,0.01,0.5,0.1,-0.8,0.02,0.0,0.0,0.0
1700023220,BTC/USD,57.0,10.0,9.0,1.0,0.05,0.5,0.01,0.5,0.1,-0.6,0.02,0.0,0.0,0.0
1700023280,BTC/USD,58.0,10.0,9.0,1.0,0.05,0.5,0.01,0.5,0.1,-0.4,0.02,0.0,0.0,0.0
1700023340,BTC/USD,59.0,10.0,9.0,1.0,0.05,0.5,0.01,0.5,0.1,-0.2,0.02,0.0,0.0,0.0
1700023400,BTC/USD,60.0,10.0,9.0,1.0,0.05,0.5,0.01,0.5,0.1,0.0,0.02,0.0,0.0,0.0
1700023460,BTC/USD,61.0,10.0,9.0,1.0,0.05,0.5,0.01,0.5,0.1,0.2,0.02,0.0,0.0,0.0
1700023520,BTC/USD,62.0,10.0,9.0,1.0,0.05,0.5,0.01,0.5,0.1,0.4,0.02,0.0,0.0,0.0
1700023580,BTC/USD,63.0,10.0,9.0,1.0,0.05,0.5,0.01,0.5,0.1,0.6,0.02,0.001,0.005,0.01
1700023640,BTC/USD,64.0,10.0,9.0,1.0,0.05,0.5,0.01,0.5,0.1,0.8,0.02,0.001,0.005,0.01
1700023700,BTC/USD,65.0,10.0,9.0,1.0,0.05,0.5,0.01,0.5,0.1,1.0,0.02,0.001,0.005,0.01
1700023760,BTC/USD,66.0,10.0,9.0,1.0,0.05,0.5,0.01,0.5,0.1,1.2,0.02,0.001,0.005,0.01
1700023820,BTC/USD,67.0,10.0,9.0,1.0,0.05,0.5,0.01,0.5,0.1,1.4,0.02,0.001,0.005,0.01
1700023880,BTC/USD,68.0,10.0,9.0,1.0,0.05,0.5,0.01,0.5,0.1,1.6,0.02,0.001,0.005,0.01
1700023940,BTC/USD,69.0,10.0,9.0,1.0,0.05,0.5,0.01,0.5,0.1,1.8,0.02,0.001,0.005,0.01
1700024000,BTC/USD,70.0,10.0,9.0,1.0,0.05,0.5,0.01,0.5,0.1,-2.0,0.02,0.0,0.0,0.0
1700024060,BTC/USD,71.0,10.0,9.0,1.0,0.05,0.5,0.01,0.5,0.1,-1.8,0.02,0.0,0.0,0.0
1700024120,BTC/USD,72.0,10.0,9.0,1.0,0.05,0.5,0.01,0.5,0.1,-1.6,0.02,0.0,0.0,0.0
1700024180,BTC/USD,73.0,10.0,9.0,1.0,0.05,0.5,0.01,0.5,0.1,-1.4,0.02,0.0,0.0,0.0
1700024240,BTC/USD,74.0,10.0,9.0,1.0,0.05,0.5,0.01,0.5,0.1,-1.2,0.02,0.0,0.0,0.0
1700024300,BTC/USD,75.0,10.0,9.0,1.0,0.05,0.5,0.01,0.5,0.1,-1.0,0.02,0.0,0.0,0.0
1700024360,BTC/USD,76.0,10.0,9.0,1.0,0.05,0.5,0.01,0.5,0.1,-0.8,0.02,0.0,0.0,0.0
1700024420,BTC/USD,77.0,10.0,9.0,1.0,0.05,0.5,0.01,0.5,0.1,-0.6,0.02,0.0,0.0,0.0
1700024480,BTC/USD,78.0,10.0,9.0,1.0,0.05,0.5,0.01,0.5,0.1,-0.4,0.02,0.0,0.0,0.0
1700024540,BTC/USD,79.0,10.0,9.0,1.0,0.05,0.5,0.01,0.5,0.1,-0.2,0.02,0.0,0.0,0.0
1700024600,BTC/USD,80.0,10.0,9.0,1.0,0.05,0.5,0.01,0.5,0.1,0.0,0.02,0.0,0.0,0.0
1700024660,BTC/USD,81.0,10.0,9.0,1.0,0.05,0.5,0.01,0.5,0.1,0.2,0.02,0.0,0.0,0.0
1700024720,BTC/USD,82.0,10.0,9.0,1.0,0.05,0.5,0.01,0.5,0.1,0.4,0.02,0.0,0.0,0.0
1700024780,BTC/USD,83.0,10.0,9.0,1.0,0.05,0.5,0.01,0.5,0.1,0.6,0.02,0.001,0.005,0.01
1700024840,BTC/USD,84.0,10.0,9.0,1.0,0.05,0.5,0.01,0.5,0.1,0.8,0.02,0.001,0.005,0.01
1700024900,BTC/USD,85.0,10.0,9.0,1.0,0.05,0.5,0.01,0.5,0.1,1.0,0.02,0.001,0.005,0.01
1700024960,BTC/USD,86.0,10.0,9.0,1.0,0.05,0.5,0.01,0.5,0.1,1.2,0.02,0.001,0.005,0.01
1700025020,BTC/USD,87.0,10.0,9.0,1.0,0.05,0.5,0.01,0.5,0.1,1.4,0.02,0.001,0.005,0.01
1700025080,BTC/USD,88.0,10.0,9.0,1.0,0.05,0.5,0.01,0.5,0.1,1.6,0.02,0.001,0.005,0.01
1700025140,BTC/USD,89.0,10.0,9.0,1.0,0.05,0.5,0.01,0.5,0.1,1.8,0.02,0.001,0.005,0.01
1700025200,BTC/USD,30.0,10.0,9.0,1.0,0.05,0.5,0.01,0.5,0.1,-2.0,0.02,-0.001,-0.005,-0.01
1700025260,BTC/USD,31.0,10.0,9.0,1.0,0.05,0.5,0.01,0.5,0.1,-1.8,0.02,-0.001,-0.005,-0.01
1700025320,BTC/USD,32.0,10.0,9.0,1.0,0.05,0.5,0.01,0.5,0.1,-1.6,0.02,-0.001,-0.005,-0.01
1700025380,BTC/USD,33.0,10.0,9.0,1.0,0.05,0.5,0.01,0.5,0.1,-1.4,0.02,-0.001,-0.005,-0.01
1700025440,BTC/USD,34.0,10.0,9.0,1.0,0.05,0.5,0.01,0.5,0.1,-1.2,0.02,-0.001,-0.005,-0.01
1700025500,BTC/USD,35.0,10.0,9.0,1.0,0.05,0.5,0.01,0.5,0.1,-1.0,0.02,-0.001,-0.005,-0.01
1700025560,BTC/USD,36.0,10.0,9.0,1.0,0.05,0.5,0.01,0.5,0.1,-0.8,0.02,-0.001,-0.005,-0.01
1700025620,BTC/USD,37.0,10.0,9.0,1.0,0.05,0.5,0.01,0.5,0.1,-0.6,0.02,-0.001,-0.005,-0.01
1700025680,BTC/USD,38.0,10.0,9.0,1.0,0.05,0.5,0.01,0.5,0.1,-0.4,0.02,0.0,0.0,0.0
1700025740,BTC/USD,39.0,10.0,9.0,1.0,0.05,0.5,0.01,0.5,0.1,-0.2,0.02,0.0,0.0,0.0
1700025800,BTC/USD,40.0,10.0,9.0,1.0,0.05,0.5,0.01,0.5,0.1,0.0,0.02,0.0,0.0,0.0
1700025860,BTC/USD,41.0,10.0,9.0,1.0,0.05,0.5,0.01,0.5,0.1,0.2,0.02,0.0,0.0,0.0
1700025920,BTC/USD,42.0,10.0,9.0,1.0,0.05,0.5,0.01,0.5,0.1,0.4,0.02,0.0,0.0,0.0
1700025980,BTC/USD,43.0,10.0,9.0,1.0,0.05,0.5,0.01,0.5,0.1,0.6,0.02,0.0,0.0,0.0
1700026040,BTC/USD,44.0,10.0,9.0,1.0,0.05,0.5,0.01,0.5,0.1,0.8,0.02,0.0,0.0,0.0
1700026100,BTC/USD,45.0,10.0,9.0,1.0,0.05,0.5,0.01,0.5,0.1,1.0,0.02,0.0,0.0,0.0
1700026160,BTC/USD,46.0,10.0,9.0,1.0,0.05,0.5,0.01,0.5,0.1,1.2,0.02,0.0,0.0,0.0
1700026220,BTC/USD,47.0,10.0,9.0,1.0,0.05,0.5,0.01,0.5,0.1,1.4,0.02,0.0,0.0,0.0
1700026280,BTC/USD,48.0,10.0,9.0,1.0,0.05,0.5,0.01,0.5,0.1,1.6,0.02,0.0,0.0,0.0
1700026340,BTC/USD,49.0,10.0,9.0,1.0,0.05,0.5,0.01,0.5,0.1,1.8,0.02,0.0,0.0,0.0
1700026400,BTC/USD,50.0,10.0,9.0,1.0,0.05,0.5,0.01,0.5,0.1,-2.0,0.02,0.0,0.0,0.0
1700026460,BTC/USD,51.0,10.0,9.0,1.0,0.05,0.5,0.01,0.5,0.1,-1.8,0.02,0.0,0.0,0.0
1700026520,BTC/USD,52.0,10.0,9.0,1.0,0.05,0.5,0.01,0.5,0.1,-1.6,0.02,0.0,0.0,0.0
1700026580,BTC/USD,53.0,10.0,9.0,1.0,0.05,0.5,0.01,0.5,0.1,-1.4,0.02,0.0,0.0,0.0
1700026640,BTC/USD,54.0,10.0,9.0,1.0,0.05,0.5,0.01,0.5,0.1,-1.2,0.02,0.0,0.0,0.0
1700026700,BTC/USD,55.0,10.0,9.0,1.0,0.05,0.5,0.01,0.5,0.1,-1.0,0.02,0.0,0.0,0.0
1700026760,BTC/USD,56.0,10.0,9.0,1.0,0.05,0.5,0.01,0.5,0.1,-0.8,0.02,0.0,0.0,0.0
1700026820,BTC/USD,57.0,10.0,9.0,1.0,0.05,0.5,0.01,0.5,0.1,-0.6,0.02,0.0,0.0,0.0
1700026880,BTC/USD,58.0,10.0,9.0,1.0,0.05,0.5,0.01,0.5,0.1,-0.4,0.02,0.0,0.0,0.0
1700026940,BTC/USD,59.0,10.0,9.0,1.0,0.05,0.5,0.01,0.5,0.1,-0.2,0.02,0.0,0.0,0.0
1700027000,BTC/USD,60.0,10.0,9.0,1.0,0.05,0.5,0.01,0.5,0.1,0.0,0.02,0.0,0.0,0.0
1700027060,BTC/USD,61.0,10.0,9.0,1.0,0.05,0.5,0.01,0.5,0.1,0.2,0.02,0.0,0.0,0.0
1700027120,BTC/USD,62.0,10.0,9.0,1.0,0.05,0.5,0.01,0.5,0.1,0.4,0.02,0.0,0.0,0.0
1700027180,BTC/USD,63.0,10.0,9.0,1.0,0.05,0.5,0.01,0.5,0.1,0.6,0.02,0.001,0.005,0.01
1700027240,BTC/USD,64.0,10.0,9.0,1.0,0.05,0.5,0.01,0.5,0.1,0.8,0.02,0.001,0.005,0.01
1700027300,BTC/USD,65.0,10.0,9.0,1.0,0.05,0.5,0.01,0.5,0.1,1.0,0.02,0.001,0.005,0.01
1700027360,BTC/USD,66.0,10.0,9.0,1.0,0.05,0.5,0.01,0.5,0.1,1.2,0.02,0.001,0.005,0.01
1700027420,BTC/USD,67.0,10.0,9.0,1.0,0.05,0.5,0.01,0.5,0.1,1.4,0.02,0.001,0.005,0.01
1700027480,BTC/USD,68.0,10.0,9.0,1.0,0.05,0.5,0.01,0.5,0.1,1.6,0.02,0.001,0.005,0.01
1700027540,BTC/USD,69.0,10.0,9.0,1.0,0.05,0.5,0.01,0.5,0.1,1.8,0.02,0.001,0.005,0.01
1700027600,BTC/USD,70.0,10.0,9.0,1.0,0.05,0.5,0.01,0.5,0.1,-2.0,0.02,0.0,0.0,0.0
1700027660,BTC/USD,71.0,10.0,9.0,1.0,0.05,0.5,0.01,0.5,0.1,-1.8,0.02,0.0,0.0,0.0
1700027720,BTC/USD,72.0,10.0,9.0,1.0,0.05,0.5,0.01,0.5,0.1,-1.6,0.02,0.0,0.0,0.0
1700027780,BTC/USD,73.0,10.0,9.0,1.0,0.05,0.5,0.01,0.5,0.1,-1.4,0.02,0.0,0.0,0.0
1700027840,BTC/USD,74.0,10.0,9.0,1.0,0.05,0.5,0.01,0.5,0.1,-1.2,0.02,0.0,0.0,0.0
1700027900,BTC/USD,75.0,10.0,9.0,1.0,0.05,0.5,0.01,0.5,0.1,-1.0,0.02,0.0,0.0,0.0
1700027960,BTC/USD,76.0,10.0,9.0,1.0,0.05,0.5,0.01,0.5,0.1,-0.8,0.02,0.0,0.0,0.0
1700028020,BTC/USD,77.0,10.0,9.0,1.0,0.05,0.5,0.01,0.5,0.1,-0.6,0.02,0.0,0.0,0.0
1700028080,BTC/USD,78.0,10.0,9.0,1.0,0.05,0.5,0.01,0.5,0.1,-0.4,0.02,0.0,0.0,0.0
1700028140,BTC/USD,79.0,10.0,9.0,1.0,0.05,0.5,0.01,0.5,0.1,-0.2,0.02,0.0,0.0,0.0
1700028200,BTC/USD,80.0,10.0,9.0,1.0,0.05,0.5,0.01,0.5,0.1,0.0,0.02,0.0,0.0,0.0
1700028260,BTC/USD,81.0,10.0,9.0,1.0,0.05,0.5,0.01,0.5,0.1,0.2,0.02,0.0,0.0,0.0
1700028320,BTC/USD,82.0,10.0,9.0,1.0,0.05,0.5,0.01,0.5,0.1,0.4,0.02,0.0,0.0,0.0
1700028380,BTC/USD,83.0,10.0,9.0,1.0,0.05,0.5,0.01,0.5,0.1,0.6,0.02,0.001,0.005,0.01
1700028440,BTC/USD,84.0,10.0,9.0,1.0,0.05,0.5,0.01,0.5,0.1,0.8,0.02,0.001,0.005,0.01
1700028500,BTC/USD,85.0,10.0,9.0,1.0,0.05,0.5,0.01,0.5,0.1,1.0,0.02,0.001,0.005,0.01
1700028560,BTC/USD,86.0,10.0,9.0,1.0,0.05,0.5,0.01,0.5,0.1,1.2,0.02,0.001,0.005,0.01
1700028620,BTC/USD,87.0,10.0,9.0,1.0,0.05,0.5,0.01,0.5,0.1,1.4,0.02,0.001,0.005,0.01
1700028680,BTC/USD,88.0,10.0,9.0,1.0,0.05,0.5,0.01,0.5,0.1,1.6,0.02,0.001,0.005,0.01
1700028740,BTC/USD,89.0,10.0,9.0,1.0,0.05,0.5,0.01,0.5,0.1,1.8,0.02,0.001,0.005,0.01
1700028800,BTC/USD,30.0,10.0,9.0,1.0,0.05,0.5,0.01,0.5,0.1,-2.0,0.02,-0.001,-0.005,-0.01
1700028860,BTC/USD,31.0,10.0,9.0,1.0,0.05,0.5,0.01,0.5,0.1,-1.8,0.02,-0.001,-0.005,-0.01
1700028920,BTC/USD,32.0,10.0,9.0,1.0,0.05,0.5,0.01,0.5,0.1,-1.6,0.02,-0.001,-0.005,-0.01
1700028980,BTC/USD,33.0,10.0,9.0,1.0,0.05,0.5,0.01,0.5,0.1,-1.4,0.02,-0.001,-0.005,-0.01
1700029040,BTC/USD,34.0,10.0,9.0,1.0,0.05,0.5,0.01,0.5,0.1,-1.2,0.02,-0.001,-0.005,-0.01
1700029100,BTC/USD,35.0,10.0,9.0,1.0,0.05,0.5,0.01,0.5,0.1,-1.0,0.02,-0.001,-0.005,-0.01
1700029160,BTC/USD,36.0,10.0,9.0,1.0,0.05,0.5,0.01,0.5,0.1,-0.8,0.02,-0.001,-0.005,-0.01
1700029220,BTC/USD,37.0,10.0,9.0,1.0,0.05,0.5,0.01,0.5,0.1,-0.6,0.02,-0.001,-0.005,-0.01
1700029280,BTC/USD,38.0,10.0,9.0,1.0,0.05,0.5,0.01,0.5,0.1,-0.4,0.02,0.0,0.0,0.0
1700029340,BTC/USD,39.0,10.0,9.0,1.0,0.05,0.5,0.01,0.5,0.1,-0.2,0.02,0.0,0.0,0.0
1700029400,BTC/USD,40.0,10.0,9.0,1.0,0.05,0.5,0.01,0.5,0.1,0.0,0.02,0.0,0.0,0.0
1700029460,BTC/USD,41.0,10.0,9.0,1.0,0.05,0.5,0.01,0.5,0.1,0.2,0.02,0.0,0.0,0.0
1700029520,BTC/USD,42.0,10.0,9.0,1.0,0.05,0.5,0.01,0.5,0.1,0.4,0.02,0.0,0.0,0.0
1700029580,BTC/USD,43.0,10.0,9.0,1.0,0.05,0.5,0.01,0.5,0.1,0.6,0.02,0.0,0.0,0.0
1700029640,BTC/USD,44.0,10.0,9.0,1.0,0.05,0.5,0.01,0.5,0.1,0.8,0.02,0.0,0.0,0.0
1700029700,BTC/USD,45.0,10.0,9.0,1.0,0.05,0.5,0.01,0.5,0.1,1.0,0.02,0.0,0.0,0.0
1700029760,BTC/USD,46.0,10.0,9.0,1.0,0.05,0.5,0.01,0.5,0.1,1.2,0.02,0.0,0.0,0.0
1700029820,BTC/USD,47.0,10.0,9.0,1.0,0.05,0.5,0.01,0.5,0.1,1.4,0.02,0.0,0.0,0.0
1700029880,BTC/USD,48.0,10.0,9.0,1.0,0.05,0.5,0.01,0.5,0.1,1.6,0.02,0.0,0.0,0.0
1700029940,BTC/USD,49.0,10.0,9.0,1.0,0.05,0.5,0.01,0.5,0.1,1.8,0.02,0.0,0.0,0.0
1700030000,BTC/USD,50.0,10.0,9.0,1.0,0.05,0.5,0.01,0.5,0.1,-2.0,0.02,0.0,0.0,0.0
1700030060,BTC/USD,51.0,10.0,9.0,1.0,0.05,0.5,0.01,0.5,0.1,-1.8,0.02,0.0,0.0,0.0
1700030120,BTC/USD,52.0,10.0,9.0,1.0,0.05,0.5,0.01,0.5,0.1,-1.6,0.02,0.0,0.0,0.0
1700030180,BTC/USD,53.0,10.0,9.0,1.0,0.05,0.5,0.01,0.5,0.1,-1.4,0.02,0.0,0.0,0.0
1700030240,BTC/USD,54.0,10.0,9.0,1.0,0.05,0.5,0.01,0.5,0.1,-1.2,0.02,0.0,0.0,0.0
1700030300,BTC/USD,55.0,10.0,9.0,1.0,0.05,0.5,0.01,0.5,0.1,-1.0,0.02,0.0,0.0,0.0
1700030360,BTC/USD,56.0,10.0,9.0,1.0,0.05,0.5,0.01,0.5,0.1,-0.8,0.02,0.0,0.0,0.0
1700030420,BTC/USD,57.0,10.0,9.0,1.0,0.05,0.5,0.01,0.5,0.1,-0.6,0.02,0.0,0.0,0.0
1700030480,BTC/USD,58.0,10.0,9.0,1.0,0.05,0.5,0.01,0.5,0.1,-0.4,0.02,0.0,0.0,0.0
1700030540,BTC/USD,59.0,10.0,9.0,1.0,0.05,0.5,0.01,0.5,0.1,-0.2,0.02,0.0,0.0,0.0
1700030600,BTC/USD,60.0,10.0,9.0,1.0,0.05,0.5,0.01,0.5,0.1,0.0,0.02,0.0,0.0,0.0
1700030660,BTC/USD,61.0,10.0,9.0,1.0,0.05,0.5,0.01,0.5,0.1,0.2,0.02,0.0,0.0,0.0
1700030720,BTC/USD,62.0,10.0,9.0,1.0,0.05,0.5,0.01,0.5,0.1,0.4,0.02,0.0,0.0,0.0
1700030780,BTC/USD,63.0,10.0,9.0,1.0,0.05,0.5,0.01,0.5,0.1,0.6,0.02,0.001,0.005,0.01
1700030840,BTC/USD,64.0,10.0,9.0,1.0,0.05,0.5,0.01,0.5,0.1,0.8,0.02,0.001,0.005,0.01
1700030900,BTC/USD,65.0,10.0,9.0,1.0,0.05,0.5,0.01,0.5,0.1,1.0,0.02,0.001,0.005,0.01
1700030960,BTC/USD,66.0,10.0,9.0,1.0,0.05,0.5,0.01,0.5,0.1,1.2,0.02,0.001,0.005,0.01
1700031020,BTC/USD,67.0,10.0,9.0,1.0,0.05,0.5,0.01,0.5,0.1,1.4,0.02,0.001,0.005,0.01
1700031080,BTC/USD,68.0,10.0,9.0,1.0,0.05,0.5,0.01,0.5,0.1,1.6,0.02,0.001,0.005,0.01
1700031140,BTC/USD,69.0,10.0,9.0,1.0,0.05,0.5,0.01,0.5,0.1,1.8,0.02,0.001,0.005,0.01
1700031200,BTC/USD,70.0,10.0,9.0,1.0,0.05,0.5,0.01,0.5,0.1,-2.0,0.02,0.0,0.0,0.0
1700031260,BTC/USD,71.0,10.0,9.0,1.0,0.05,0.5,0.01,0.5,0.1,-1.8,0.02,0.0,0.0,0.0
1700031320,BTC/USD,72.0,10.0,9.0,1.0,0.05,0.5,0.01,0.5,0.1,-1.6,0.02,0.0,0.0,0.0
1700031380,BTC/USD,73.0,10.0,9.0,1.0,0.05,0.5,0.01,0.5,0.1,-1.4,0.02,0.0,0.0,0.0
1700031440,BTC/USD,74.0,10.0,9.0,1.0,0.05,0.5,0.01,0.5,0.1,-1.2,0.02,0.0,0.0,0.0
1700031500,BTC/USD,75.0,10.0,9.0,1.0,0.05,0.5,0.01,0.5,0.1,-1.0,0.02,0.0,0.0,0.0
1700031560,BTC/USD,76.0,10.0,9.0,1.0,0.05,0.5,0.01,0.5,0.1,-0.8,0.02,0.0,0.0,0.0
1700031620,BTC/USD,77.0,10.0,9.0,1.0,0.05,0.5,0.01,0.5,0.1,-0.6,0.02,0.0,0.0,0.0
1700031680,BTC/USD,78.0,10.0,9.0,1.0,0.05,0.5,0.01,0.5,0.1,-0.4,0.02,0.0,0.0,0.0
1700031740,BTC/USD,79.0,10.0,9.0,1.0,0.05,0.5,0.01,0.5,0.1,-0.2,0.02,0.0,0.0,0.0
1700031800,BTC/USD,80.0,10.0,9.0,1.0,0.05,0.5,0.01,0.5,0.1,0.0,0.02,0.0,0.0,0.0
1700031860,BTC/USD,81.0,10.0,9.0,1.0,0.05,0.5,0.01,0.5,0.1,0.2,0.02,0.0,0.0,0.0
1700031920,BTC/USD,82.0,10.0,9.0,1.0,0.05,0.5,0.01,0.5,0.1,0.4,0.02,0.0,0.0,0.0
1700031980,BTC/USD,83.0,10.0,9.0,1.0,0.05,0.5,0.01,0.5,0.1,0.6,0.02,0.001,0.005,0.01
1700032040,BTC/USD,84.0,10.0,9.0,1.0,0.05,0.5,0.01,0.5,0.1,0.8,0.02,0.001,0.005,0.01
1700032100,BTC/USD,85.0,10.0,9.0,1.0,0.05,0.5,0.01,0.5,0.1,1.0,0.02,0.001,0.005,0.01
1700032160,BTC/USD,86.0,10.0,9.0,1.0,0.05,0.5,0.01,0.5,0.1,1.2,0.02,0.001,0.005,0.01
1700032220,BTC/USD,87.0,10.0,9.0,1.0,0.05,0.5,0.01,0.5,0.1,1.4,0.02,0.001,0.005,0.01
1700032280,BTC/USD,88.0,10.0,9.0,1.0,0.05,0.5,0.01,0.5,0.1,1.6,0.02,0.001,0.005,0.01
1700032340,BTC/USD,89.0,10.0,9.0,1.0,0.05,0.5,0.01,0.5,0.1,1.8,0.02,0.001,0.005,0.01
1700032400,BTC/USD,30.0,10.0,9.0,1.0,0.05,0.5,0.01,0.5,0.1,-2.0,0.02,-0.001,-0.005,-0.01
1700032460,BTC/USD,31.0,10.0,9.0,1.0,0.05,0.5,0.01,0.5,0.1,-1.8,0.02,-0.001,-0.005,-0.01
1700032520,BTC/USD,32.0,10.0,9.0,1.0,0.05,0.5,0.01,0.5,0.1,-1.6,0.02,-0.001,-0.005,-0.01
1700032580,BTC/USD,33.0,10.0,9.0,1.0,0.05,0.5,0.01,0.5,0.1,-1.4,0.02,-0.001,-0.005,-0.01
1700032640,BTC/USD,34.0,10.0,9.0,1.0,0.05,0.5,0.01,0.5,0.1,-1.2,0.02,-0.001,-0.005,-0.01
1700032700,BTC/USD,35.0,10.0,9.0,1.0,0.05,0.5,0.01,0.5,0.1,-1.0,0.02,-0.001,-0.005,-0.01
1700032760,BTC/USD,36.0,10.0,9.0,1.0,0.05,0.5,0.01,0.5,0.1,-0.8,0.02,-0.001,-0.005,-0.01
1700032820,BTC/USD,37.0,10.0,9.0,1.0,0.05,0.5,0.01,0.5,0.1,-0.6,0.02,-0.001,-0.005,-0.01
1700032880,BTC/USD,38.0,10.0,9.0,1.0,0.05,0.5,0.01,0.5,0.1,-0.4,0.02,0.0,0.0,0.0
1700032940,BTC/USD,39.0,10.0,9.0,1.0,0.05,0.5,0.01,0.5,0.1,-0.2,0.02,0.0,0.0,0.0
1700033000,BTC/USD,40.0,10.0,9.0,1.0,0.05,0.5,0.01,0.5,0.1,0.0,0.02,0.0,0.0,0.0
1700033060,BTC/USD,41.0,10.0,9.0,1.0,0.05,0.5,0.01,0.5,0.1,0.2,0.02,0.0,0.0,0.0
1700033120,BTC/USD,42.0,10.0,9.0,1.0,0.05,0.5,0.01,0.5,0.1,0.4,0.02,0.0,0.0,0.0
1700033180,BTC/USD,43.0,10.0,9.0,1.0,0.05,0.5,0.01,0.5,0.1,0.6,0.02,0.0,0.0,0.0
1700033240,BTC/USD,44.0,10.0,9.0,1.0,0.05,0.5,0.01,0.5,0.1,0.8,0.02,0.0,0.0,0.0
1700033300,BTC/USD,45.0,10.0,9.0,1.0,0.05,0.5,0.01,0.5,0.1,1.0,0.02,0.0,0.0,0.0
1700033360,BTC/USD,46.0,10.0,9.0,1.0,0.05,0.5,0.01,0.5,0.1,1.2,0.02,0.0,0.0,0.0
1700033420,BTC/USD,47.0,10.0,9.0,1.0,0.05,0.5,0.01,0.5,0.1,1.4,0.02,0.0,0.0,0.0
1700033480,BTC/USD,48.0,10.0,9.0,1.0,0.05,0.5,0.01,0.5,0.1,1.6,0.02,0.0,0.0,0.0
1700033540,BTC/USD,49.0,10.0,9.0,1.0,0.05,0.5,0.01,0.5,0.1,1.8,0.02,0.0,0.0,0.0
1700033600,BTC/USD,50.0,10.0,9.0,1.0,0.05,0.5,0.01,0.5,0.1,-2.0,0.02,0.0,0.0,0.0
1700033660,BTC/USD,51.0,10.0,9.0,1.0,0.05,0.5,0.01,0.5,0.1,-1.8,0.02,0.0,0.0,0.0
1700033720,BTC/USD,52.0,10.0,9.0,1.0,0.05,0.5,0.01,0.5,0.1,-1.6,0.02,0.0,0.0,0.0
1700033780,BTC/USD,53.0,10.0,9.0,1.0,0.05,0.5,0.01,0.5,0.1,-1.4,0.02,0.0,0.0,0.0
1700033840,BTC/USD,54.0,10.0,9.0,1.0,0.05,0.5,0.01,0.5,0.1,-1.2,0.02,0.0,0.0,0.0
1700033900,BTC/USD,55.0,10.0,9.0,1.0,0.05,0.5,0.01,0.5,0.1,-1.0,0.02,0.0,0.0,0.0
1700033960,BTC/USD,56.0,10.0,9.0,1.0,0.05,0.5,0.01,0.5,0.1,-0.8,0.02,0.0,0.0,0.0
1700034020,BTC/USD,57.0,10.0,9.0,1.0,0.05,0.5,0.01,0.5,0.1,-0.6,0.02,0.0,0.0,0.0
1700034080,BTC/USD,58.0,10.0,9.0,1.0,0.05,0.5,0.01,0.5,0.1,-0.4,0.02,0.0,0.0,0.0
1700034140,BTC/USD,59.0,10.0,9.0,1.0,0.05,0.5,0.01,0.5,0.1,-0.2,0.02,0.0,0.0,0.0
1700034200,BTC/USD,60.0,10.0,9.0,1.0,0.05,0.5,0.01,0.5,0.1,0.0,0.02,0.0,0.0,0.0
1700034260,BTC/USD,61.0,10.0,9.0,1.0,0.05,0.5,0.01,0.5,0.1,0.2,0.02,0.0,0.0,0.0
1700034320,BTC/USD,62.0,10.0,9.0,1.0,0.05,0.5,0.01,0.5,0.1,0.4,0.02,0.0,0.0,0.0
1700034380,BTC/USD,63.0,10.0,9.0,1.0,0.05,0.5,0.01,0.5,0.1,0.6,0.02,0.001,0.005,0.01
1700034440,BTC/USD,64.0,10.0,9.0,1.0,0.05,0.5,0.01,0.5,0.1,0.8,0.02,0.001,0.005,0.01
1700034500,BTC/USD,65.0,10.0,9.0,1.0,0.05,0.5,0.01,0.5,0.1,1.0,0.02,0.001,0.005,0.01
1700034560,BTC/USD,66.0,10.0,9.0,1.0,0.05,0.5,0.01,0.5,0.1,1.2,0.02,0.001,0.005,0.01
1700034620,BTC/USD,67.0,10.0,9.0,1.0,0.05,0.5,0.01,0.5,0.1,1.4,0.02,0.001,0.005,0.01
1700034680,BTC/USD,68.0,10.0,9.0,1.0,0.05,0.5,0.01,0.5,0.1,1.6,0.02,0.001,0.005,0.01
1700034740,BTC/USD,69.0,10.0,9.0,1.0,0.05,0.5,0.01,0.5,0.1,1.8,0.02,0.001,0.005,0.01
1700034800,BTC/USD,70.0,10.0,9.0,1.0,0.05,0.5,0.01,0.5,0.1,-2.0,0.02,0.0,0.0,0.0
1700034860,BTC/USD,71.0,10.0,9.0,1.0,0.05,0.5,0.01,0.5,0.1,-1.8,0.02,0.0,0.0,0.0
1700034920,BTC/USD,72.0,10.0,9.0,1.0,0.05,0.5,0.01,0.5,0.1,-1.6,0.02,0.0,0.0,0.0
1700034980,BTC/USD,73.0,10.0,9.0,1.0,0.05,0.5,0.01,0.5,0.1,-1.4,0.02,0.0,0.0,0.0
1700035040,BTC/USD,74.0,10.0,9.0,1.0,0.05,0.5,0.01,0.5,0.1,-1.2,0.02,0.0,0.0,0.0
1700035100,BTC/USD,75.0,10.0,9.0,1.0,0.05,0.5,0.01,0.5,0.1,-1.0,0.02,0.0,0.0,0.0
1700035160,BTC/USD,76.0,10.0,9.0,1.0,0.05,0.5,0.01,0.5,0.1,-0.8,0.02,0.0,0.0,0.0
1700035220,BTC/USD,77.0,10.0,9.0,1.0,0.05,0.5,0.01,0.5,0.1,-0.6,0.02,0.0,0.0,0.0
1700035280,BTC/USD,78.0,10.0,9.0,1.0,0.05,0.5,0.01,0.5,0.1,-0.4,0.02,0.0,0.0,0.0
1700035340,BTC/USD,79.0,10.0,9.0,1.0,0.05,0.5,0.01,0.5,0.1,-0.2,0.02,0.0,0.0,0.0
1700035400,BTC/USD,80.0,10.0,9.0,1.0,0.05,0.5,0.01,0.5,0.1,0.0,0.02,0.0,0.0,0.0
1700035460,BTC/USD,81.0,10.0,9.0,1.0,0.05,0.5,0.01,0.5,0.1,0.2,0.02,0.0,0.0,0.0
1700035520,BTC/USD,82.0,10.0,9.0,1.0,0.05,0.5,0.01,0.5,0.1,0.4,0.02,0.0,0.0,0.0
1700035580,BTC/USD,83.0,10.0,9.0,1.0,0.05,0.5,0.01,0.5,0.1,0.6,0.02,0.001,0.005,0.01
1700035640,BTC/USD,84.0,10.0,9.0,1.0,0.05,0.5,0.01,0.5,0.1,0.8,0.02,0.001,0.005,0.01
1700035700,BTC/USD,85.0,10.0,9.0,1.0,0.05,0.5,0.01,0.5,0.1,1.0,0.02,0.001,0.005,0.01
1700035760,BTC/USD,86.0,10.0,9.0,1.0,0.05,0.5,0.01,0.5,0.1,1.2,0.02,0.001,0.005,0.01
1700035820,BTC/USD,87.0,10.0,9.0,1.0,0.05,0.5,0.01,0.5,0.1,1.4,0.02,0.001,0.005,0.01
1700035880,BTC/USD,88.0,10.0,9.0,1.0,0.05,0.5,0.01,0.5,0.1,1.6,0.02,0.001,0.005,0.01
1700035940,BTC/USD,89.0,10.0,9.0,1.0,0.05,0.5,0.01,0.5,0.1,1.8,0.02,0.001,0.005,0.01
1700036000,BTC/USD,30.0,10.0,9.0,1.0,0.05,0.5,0.01,0.5,0.1,-2.0,0.02,-0.001,-0.005,-0.01
1700036060,BTC/USD,31.0,10.0,9.0,1.0,0.05,0.5,0.01,0.5,0.1,-1.8,0.02,-0.001,-0.005,-0.01
1700036120,BTC/USD,32.0,10.0,9.0,1.0,0.05,0.5,0.01,0.5,0.1,-1.6,0.02,-0.001,-0.005,-0.01
1700036180,BTC/USD,33.0,10.0,9.0,1.0,0.05,0.5,0.01,0.5,0.1,-1.4,0.02,-0.001,-0.005,-0.01
1700036240,BTC/USD,34.0,10.0,9.0,1.0,0.05,0.5,0.01,0.5,0.1,-1.2,0.02,-0.001,-0.005,-0.01
1700036300,BTC/USD,35.0,10.0,9.0,1.0,0.05,0.5,0.01,0.5,0.1,-1.0,0.02,-0.001,-0.005,-0.01
1700036360,BTC/USD,36.0,10.0,9.0,1.0,0.05,0.5,0.01,0.5,0.1,-0.8,0.02,-0.001,-0.005,-0.01
1700036420,BTC/USD,37.0,10.0,9.0,1.0,0.05,0.5,0.01,0.5,0.1,-0.6,0.02,-0.001,-0.005,-0.01
1700036480,BTC/USD,38.0,10.0,9.0,1.0,0.05,0.5,0.01,0.5,0.1,-0.4,0.02,0.0,0.0,0.0
1700036540,BTC/USD,39.0,10.0,9.0,1.0,0.05,0.5,0.01,0.5,0.1,-0.2,0.02,0.0,0.0,0.0
1700036600,BTC/USD,40.0,10.0,9.0,1.0,0.05,0.5,0.01,0.5,0.1,0.0,0.02,0.0,0.0,0.0
1700036660,BTC/USD,41.0,10.0,9.0,1.0,0.05,0.5,0.01,0.5,0.1,0.2,0.02,0.0,0.0,0.0
1700036720,BTC/USD,42.0,10.0,9.0,1.0,0.05,0.5,0.01,0.5,0.1,0.4,0.02,0.0,0.0,0.0
1700036780,BTC/USD,43.0,10.0,9.0,1.0,0.05,0.5,0.01,0.5,0.1,0.6,0.02,0.0,0.0,0.0
1700036840,BTC/USD,44.0,10.0,9.0,1.0,0.05,0.5,0.01,0.5,0.1,0.8,0.02,0.0,0.0,0.0
1700036900,BTC/USD,45.0,10.0,9.0,1.0,0.05,0.5,0.01,0.5,0.1,1.0,0.02,0.0,0.0,0.0
1700036960,BTC/USD,46.0,10.0,9.0,1.0,0.05,0.5,0.01,0.5,0.1,1.2,0.02,0.0,0.0,0.0
1700037020,BTC/USD,47.0,10.0,9.0,1.0,0.05,0.5,0.01,0.5,0.1,1.4,0.02,0.0,0.0,0.0
1700037080,BTC/USD,48.0,10.0,9.0,1.0,0.05,0.5,0.01,0.5,0.1,1.6,0.02,0.0,0.0,0.0
1700037140,BTC/USD,49.0,10.0,9.0,1.0,0.05,0.5,0.01,0.5,0.1,1.8,0.02,0.0,0.0,0.0
1700037200,BTC/USD,50.0,10.0,9.0,1.0,0.05,0.5,0.01,0.5,0.1,-2.0,0.02,0.0,0.0,0.0
1700037260,BTC/USD,51.0,10.0,9.0,1.0,0.05,0.5,0.01,0.5,0.1,-1.8,0.02,0.0,0.0,0.0
1700037320,BTC/USD,52.0,10.0,9.0,1.0,0.05,0.5,0.01,0.5,0.1,-1.6,0.02,0.0,0.0,0.0
1700037380,BTC/USD,53.0,10.0,9.0,1.0,0.05,0.5,0.01,0.5,0.1,-1.4,0.02,0.0,0.0,0.0
1700037440,BTC/USD,54.0,10.0,9.0,1.0,0.05,0.5,0.01,0.5,0.1,-1.2,0.02,0.0,0.0,0.0
1700037500,BTC/USD,55.0,10.0,9.0,1.0,0.05,0.5,0.01,0.5,0.1,-1.0,0.02,0.0,0.0,0.0
1700037560,BTC/USD,56.0,10.0,9.0,1.0,0.05,0.5,0.01,0.5,0.1,-0.8,0.02,0.0,0.0,0.0
1700037620,BTC/USD,57.0,10.0,9.0,1.0,0.05,0.5,0.01,0.5,0.1,-0.6,0.02,0.0,0.0,0.0
1700037680,BTC/USD,58.0,10.0,9.0,1.0,0.05,0.5,0.01,0.5,0.1,-0.4,0.02,0.0,0.0,0.0
1700037740,BTC/USD,59.0,10.0,9.0,1.0,0.05,0.5,0.01,0.5,0.1,-0.2,0.02,0.0,0.0,0.0
1700037800,BTC/USD,60.0,10.0,9.0,1.0,0.05,0.5,0.01,0.5,0.1,0.0,0.02,0.0,0.0,0.0
1700037860,BTC/USD,61.0,10.0,9.0,1.0,0.05,0.5,0.01,0.5,0.1,0.2,0.02,0.0,0.0,0.0
1700037920,BTC/USD,62.0,10.0,9.0,1.0,0.05,0.5,0.01,0.5,0.1,0.4,0.02,0.0,0.0,0.0
1700037980,BTC/USD,63.0,10.0,9.0,1.0,0.05,0.5,0.01,0.5,0.1,0.6,0.02,0.001,0.005,0.01
1700038040,BTC/USD,64.0,10.0,9.0,1.0,0.05,0.5,0.01,0.5,0.1,0.8,0.02,0.001,0.005,0.01
1700038100,BTC/USD,65.0,10.0,9.0,1.0,0.05,0.5,0.01,0.5,0.1,1.0,0.02,0.001,0.005,0.01
1700038160,BTC/USD,66.0,10.0,9.0,1.0,0.05,0.5,0.01,0.5,0.1,1.2,0.02,0.001,0.005,0.01
1700038220,BTC/USD,67.0,10.0,9.0,1.0,0.05,0.5,0.01,0.5,0.1,1.4,0.02,0.001,0.005,0.01
1700038280,BTC/USD,68.0,10.0,9.0,1.0,0.05,0.5,0.01,0.5,0.1,1.6,0.02,0.001,0.005,0.01
1700038340,BTC/USD,69.0,10.0,9.0,1.0,0.05,0.5,0.01,0.5,0.1,1.8,0.02,0.001,0.005,0.01
1700038400,BTC/USD,70.0,10.0,9.0,1.0,0.05,0.5,0.01,0.5,0.1,-2.0,0.02,0.0,0.0,0.0
1700038460,BTC/USD,71.0,10.0,9.0,1.0,0.05,0.5,0.01,0.5,0.1,-1.8,0.02,0.0,0.0,0.0
1700038520,BTC/USD,72.0,10.0,9.0,1.0,0.05,0.5,0.01,0.5,0.1,-1.6,0.02,0.0,0.0,0.0
1700038580,BTC/USD,73.0,10.0,9.0,1.0,0.05,0.5,0.01,0.5,0.1,-1.4,0.02,0.0,0.0,0.0
1700038640,BTC/USD,74.0,10.0,9.0,1.0,0.05,0.5,0.01,0.5,0.1,-1.2,0.02,0.0,0.0,0.0
1700038700,BTC/USD,75.0,10.0,9.0,1.0,0.05,0.5,0.01,0.5,0.1,-1.0,0.02,0.0,0.0,0.0
1700038760,BTC/USD,76.0,10.0,9.0,1.0,0.05,0.5,0.01,0.5,0.1,-0.8,0.02,0.0,0.0,0.0
1700038820,BTC/USD,77.0,10.0,9.0,1.0,0.05,0.5,0.01,0.5,0.1,-0.6,0.02,0.0,0.0,0.0
1700038880,BTC/USD,78.0,10.0,9.0,1.0,0.05,0.5,0.01,0.5,0.1,-0.4,0.02,0.0,0.0,0.0
1700038940,BTC/USD,79.0,10.0,9.0,1.0,0.05,0.5,0.01,0.5,0.1,-0.2,0.02,0.0,0.0,0.0
1700039000,BTC/USD,80.0,10.0,9.0,1.0,0.05,0.5,0.01,0.5,0.1,0.0,0.02,0.0,0.0,0.0
1700039060,BTC/USD,81.0,10.0,9.0,1.0,0.05,0.5,0.01,0.5,0.1,0.2,0.02,0.0,0.0,0.0
1700039120,BTC/USD,82.0,10.0,9.0,1.0,0.05,0.5,0.01,0.5,0.1,0.4,0.02,0.0,0.0,0.0
1700039180,BTC/USD,83.0,10.0,9.0,1.0,0.05,0.5,0.01,0.5,0.1,0.6,0.02,0.001,0.005,0.01
1700039240,BTC/USD,84.0,10.0,9.0,1.0,0.05,0.5,0.01,0.5,0.1,0.8,0.02,0.001,0.005,0.01
1700039300,BTC/USD,85.0,10.0,9.0,1.0,0.05,0.5,0.01,0.5,0.1,1.0,0.02,0.001,0.005,0.01
1700039360,BTC/USD,86.0,10.0,9.0,1.0,0.05,0.5,0.01,0.5,0.1,1.2,0.02,0.001,0.005,0.01
1700039420,BTC/USD,87.0,10.0,9.0,1.0,0.05,0.5,0.01,0.5,0.1,1.4,0.02,0.001,0.005,0.01
1700039480,BTC/USD,88.0,10.0,9.0,1.0,0.05,0.5,0.01,0.5,0.1,1.6,0.02,0.001,0.005,0.01
1700039540,BTC/USD,89.0,10.0,9.0,1.0,0.05,0.5,0.01,0.5,0.1,1.8,0.02,0.001,0.005,0.01
1700039600,BTC/USD,30.0,10.0,9.0,1.0,0.05,0.5,0.01,0.5,0.1,-2.0,0.02,-0.001,-0.005,-0.01
1700039660,BTC/USD,31.0,10.0,9.0,1.0,0.05,0.5,0.01,0.5,0.1,-1.8,0.02,-0.001,-0.005,-0.01
1700039720,BTC/USD,32.0,10.0,9.0,1.0,0.05,0.5,0.01,0.5,0.1,-1.6,0.02,-0.001,-0.005,-0.01
1700039780,BTC/USD,33.0,10.0,9.0,1.0,0.05,0.5,0.01,0.5,0.1,-1.4,0.02,-0.001,-0.005,-0.01
1700039840,BTC/USD,34.0,10.0,9.0,1.0,0.05,0.5,0.01,0.5,0.1,-1.2,0.02,-0.001,-0.005,-0.01
1700039900,BTC/USD,35.0,10.0,9.0,1.0,0.05,0.5,0.01,0.5,0.1,-1.0,0.02,-0.001,-0.005,-0.01
1700039960,BTC/USD,36.0,10.0,9.0,1.0,0.05,0.5,0.01,0.5,0.1,-0.8,0.02,-0.001,-0.005,-0.01
1700040020,BTC/USD,37.0,10.0,9.0,1.0,0.05,0.5,0.01,0.5,0.1,-0.6,0.02,-0.001,-0.005,-0.01
1700040080,BTC/USD,38.0,10.0,9.0,1.0,0.05,0.5,0.01,0.5,0.1,-0.4,0.02,0.0,0.0,0.0
1700040140,BTC/USD,39.0,10.0,9.0,1.0,0.05,0.5,0.01,0.5,0.1,-0.2,0.02,0.0,0.0,0.0
1700040200,BTC/USD,40.0,10.0,9.0,1.0,0.05,0.5,0.01,0.5,0.1,0.0,0.02,0.0,0.0,0.0
1700040260,BTC/USD,41.0,10.0,9.0,1.0,0.05,0.5,0.01,0.5,0.1,0.2,0.02,0.0,0.0,0.0
1700040320,BTC/USD,42.0,10.0,9.0,1.0,0.05,0.5,0.01,0.5,0.1,0.4,0.02,0.0,0.0,0.0
1700040380,BTC/USD,43.0,10.0,9.0,1.0,0.05,0.5,0.01,0.5,0.1,0.6,0.02,0.0,0.0,0.0
1700040440,BTC/USD,44.0,10.0,9.0,1.0,0.05,0.5,0.01,0.5,0.1,0.8,0.02,0.0,0.0,0.0
1700040500,BTC/USD,45.0,10.0,9.0,1.0,0.05,0.5,0.01,0.5,0.1,1.0,0.02,0.0,0.0,0.0
1700040560,BTC/USD,46.0,10.0,9.0,1.0,0.05,0.5,0.01,0.5,0.1,1.2,0.02,0.0,0.0,0.0
1700040620,BTC/USD,47.0,10.0,9.0,1.0,0.05,0.5,0.01,0.5,0.1,1.4,0.02,0.0,0.0,0.0
1700040680,BTC/USD,48.0,10.0,9.0,1.0,0.05,0.5,0.01,0.5,0.1,1.6,0.02,0.0,0.0,0.0
1700040740,BTC/USD,49.0,10.0,9.0,1.0,0.05,0.5,0.01,0.5,0.1,1.8,0.02,0.0,0.0,0.0
1700040800,BTC/USD,50.0,10.0,9.0,1.0,0.05,0.5,0.01,0.5,0.1,-2.0,0.02,0.0,0.0,0.0
1700040860,BTC/USD,51.0,10.0,9.0,1.0,0.05,0.5,0.01,0.5,0.1,-1.8,0.02,0.0,0.0,0.0
1700040920,BTC/USD,52.0,10.0,9.0,1.0,0.05,0.5,0.01,0.5,0.1,-1.6,0.02,0.0,0.0,0.0
1700040980,BTC/USD,53.0,10.0,9.0,1.0,0.05,0.5,0.01,0.5,0.1,-1.4,0.02,0.0,0.0,0.0
1700041040,BTC/USD,54.0,10.0,9.0,1.0,0.05,0.5,0.01,0.5,0.1,-1.2,0.02,0.0,0.0,0.0
1700041100,BTC/USD,55.0,10.0,9.0,1.0,0.05,0.5,0.01,0.5,0.1,-1.0,0.02,0.0,0.0,0.0
1700041160,BTC/USD,56.0,10.0,9.0,1.0,0.05,0.5,0.01,0.5,0.1,-0.8,0.02,0.0,0.0,0.0
1700041220,BTC/USD,57.0,10.0,9.0,1.0,0.05,0.5,0.01,0.5,0.1,-0.6,0.02,0.0,0.0,0.0
1700041280,BTC/USD,58.0,10.0,9.0,1.0,0.05,0.5,0.01,0.5,0.1,-0.4,0.02,0.0,0.0,0.0
1700041340,BTC/USD,59.0,10.0,9.0,1.0,0.05,0.5,0.01,0.5,0.1,-0.2,0.02,0.0,0.0,0.0
1700041400,BTC/USD,60.0,10.0,9.0,1.0,0.05,0.5,0.01,0.5,0.1,0.0,0.02,0.0,0.0,0.0
1700041460,BTC/USD,61.0,10.0,9.0,1.0,0.05,0.5,0.01,0.5,0.1,0.2,0.02,0.0,0.0,0.0
1700041520,BTC/USD,62.0,10.0,9.0,1.0,0.05,0.5,0.01,0.5,0.1,0.4,0.02,0.0,0.0,0.0
1700041580,BTC/USD,63.0,10.0,9.0,1.0,0.05,0.5,0.01,0.5,0.1,0.6,0.02,0.001,0.005,0.01
1700041640,BTC/USD,64.0,10.0,9.0,1.0,0.05,0.5,0.01,0.5,0.1,0.8,0.02,0.001,0.005,0.01
1700041700,BTC/USD,65.0,10.0,9.0,1.0,0.05,0.5,0.01,0.5,0.1,1.0,0.02,0.001,0.005,0.01
1700041760,BTC/USD,66.0,10.0,9.0,1.0,0.05,0.5,0.01,0.5,0.1,1.2,0.02,0.001,0.005,0.01
1700041820,BTC/USD,67.0,10.0,9.0,1.0,0.05,0.5,0.01,0.5,0.1,1.4,0.02,0.001,0.005,0.01
1700041880,BTC/USD,68.0,10.0,9.0,1.0,0.05,0.5,0.01,0.5,0.1,1.6,0.02,0.001,0.005,0.01
1700041940,BTC/USD,69.0,10.0,9.0,1.0,0.05,0.5,0.01,0.5,0.1,1.8,0.02,0.001,0.005,0.01
1700042000,BTC/USD,70.0,10.0,9.0,1.0,0.05,0.5,0.01,0.5,0.1,-2.0,0.02,0.0,0.0,0.0
1700042060,BTC/USD,71.0,10.0,9.0,1.0,0.05,0.5,0.01,0.5,0.1,-1.8,0.02,0.0,0.0,0.0
1700042120,BTC/USD,72.0,10.0,9.0,1.0,0.05,0.5,0.01,0.5,0.1,-1.6,0.02,0.0,0.0,0.0
1700042180,BTC/USD,73.0,10.0,9.0,1.0,0.05,0.5,0.01,0.5,0.1,-1.4,0.02,0.0,0.0,0.0
1700042240,BTC/USD,74.0,10.0,9.0,1.0,0.05,0.5,0.01,0.5,0.1,-1.2,0.02,0.0,0.0,0.0
1700042300,BTC/USD,75.0,10.0,9.0,1.0,0.05,0.5,0.01,0.5,0.1,-1.0,0.02,0.0,0.0,0.0
1700042360,BTC/USD,76.0,10.0,9.0,1.0,0.05,0.5,0.01,0.5,0.1,-0.8,0.02,0.0,0.0,0.0
1700042420,BTC/USD,77.0,10.0,9.0,1.0,0.05,0.5,0.01,0.5,0.1,-0.6,0.02,0.0,0.0,0.0
1700042480,BTC/USD,78.0,10.0,9.0,1.0,0.05,0.5,0.01,0.5,0.1,-0.4,0.02,0.0,0.0,0.0
1700042540,BTC/USD,79.0,10.0,9.0,1.0,0.05,0.5,0.01,0.5,0.1,-0.2,0.02,0.0,0.0,0.0
1700042600,BTC/USD,80.0,10.0,9.0,1.0,0.05,0.5,0.01,0.5,0.1,0.0,0.02,0.0,0.0,0.0
1700042660,BTC/USD,81.0,10.0,9.0,1.0,0.05,0.5,0.01,0.5,0.1,0.2,0.02,0.0,0.0,0.0
1700042720,BTC/USD,82.0,10.0,9.0,1.0,0.05,0.5,0.01,0.5,0.1,0.4,0.02,0.0,0.0,0.0
1700042780,BTC/USD,83.0,10.0,9.0,1.0,0.05,0.5,0.01,0.5,0.1,0.6,0.02,0.001,0.005,0.01
1700042840,BTC/USD,84.0,10.0,9.0,1.0,0.05,0.5,0.01,0.5,0.1,0.8,0.02,0.001,0.005,0.01
1700042900,BTC/USD,85.0,10.0,9.0,1.0,0.05,0.5,0.01,0.5,0.1,1.0,0.02,0.001,0.005,0.01
1700042960,BTC/USD,86.0,10.0,9.0,1.0,0.05,0.5,0.01,0.5,0.1,1.2,0.02,0.001,0.005,0.01
1700043020,BTC/USD,87.0,10.0,9.0,1.0,0.05,0.5,0.01,0.5,0.1,1.4,0.02,0.001,0.005,0.01
1700043080,BTC/USD,88.0,10.0,9.0,1.0,0.05,0.5,0.01,0.5,0.1,1.6,0.02,0.001,0.005,0.01
1700043140,BTC/USD,89.0,10.0,9.0,1.0,0.05,0.5,0.01,0.5,0.1,1.8,0.02,0.001,0.005,0.01
1700043200,BTC/USD,30.0,10.0,9.0,1.0,0.05,0.5,0.01,0.5,0.1,-2.0,0.02,-0.001,-0.005,-0.01
1700043260,BTC/USD,31.0,10.0,9.0,1.0,0.05,0.5,0.01,0.5,0.1,-1.8,0.02,-0.001,-0.005,-0.01
1700043320,BTC/USD,32.0,10.0,9.0,1.0,0.05,0.5,0.01,0.5,0.1,-1.6,0.02,-0.001,-0.005,-0.01
1700043380,BTC/USD,33.0,10.0,9.0,1.0,0.05,0.5,0.01,0.5,0.1,-1.4,0.02,-0.001,-0.005,-0.01
1700043440,BTC/USD,34.0,10.0,9.0,1.0,0.05,0.5,0.01,0.5,0.1,-1.2,0.02,-0.001,-0.005,-0.01
1700043500,BTC/USD,35.0,10.0,9.0,1.0,0.05,0.5,0.01,0.5,0.1,-1.0,0.02,-0.001,-0.005,-0.01
1700043560,BTC/USD,36.0,10.0,9.0,1.0,0.05,0.5,0.01,0.5,0.1,-0.8,0.02,-0.001,-0.005,-0.01
1700043620,BTC/USD,37.0,10.0,9.0,1.0,0.05,0.5,0.01,0.5,0.1,-0.6,0.02,-0.001,-0.005,-0.01
1700043680,BTC/USD,38.0,10.0,9.0,1.0,0.05,0.5,0.01,0.5,0.1,-0.4,0.02,0.0,0.0,0.0
1700043740,BTC/USD,39.0,10.0,9.0,1.0,0.05,0.5,0.01,0.5,0.1,-0.2,0.02,0.0,0.0,0.0
1700043800,BTC/USD,40.0,10.0,9.0,1.0,0.05,0.5,0.01,0.5,0.1,0.0,0.02,0.0,0.0,0.0
1700043860,BTC/USD,41.0,10.0,9.0,1.0,0.05,0.5,0.01,0.5,0.1,0.2,0.02,0.0,0.0,0.0
1700043920,BTC/USD,42.0,10.0,9.0,1.0,0.05,0.5,0.01,0.5,0.1,0.4,0.02,0.0,0.0,0.0
1700043980,BTC/USD,43.0,10.0,9.0,1.0,0.05,0.5,0.01,0.5,0.1,0.6,0.02,0.0,0.0,0.0
1700044040,BTC/USD,44.0,10.0,9.0,1.0,0.05,0.5,0.01,0.5,0.1,0.8,0.02,0.0,0.0,0.0
1700044100,BTC/USD,45.0,10.0,9.0,1.0,0.05,0.5,0.01,0.5,0.1,1.0,0.02,0.0,0.0,0.0
1700044160,BTC/USD,46.0,10.0,9.0,1.0,0.05,0.5,0.01,0.5,0.1,1.2,0.02,0.0,0.0,0.0
1700044220,BTC/USD,47.0,10.0,9.0,1.0,0.05,0.5,0.01,0.5,0.1,1.4,0.02,0.0,0.0,0.0
1700044280,BTC/USD,48.0,10.0,9.0,1.0,0.05,0.5,0.01,0.5,0.1,1.6,0.02,0.0,0.0,0.0
1700044340,BTC/USD,49.0,10.0,9.0,1.0,0.05,0.5,0.01,0.5,0.1,1.8,0.02,0.0,0.0,0.0
1700044400,BTC/USD,50.0,10.0,9.0,1.0,0.05,0.5,0.01,0.5,0.1,-2.0,0.02,0.0,0.0,0.0
1700044460,BTC/USD,51.0,10.0,9.0,1.0,0.05,0.5,0.01,0.5,0.1,-1.8,0.02,0.0,0.0,0.0
1700044520,BTC/USD,52.0,10.0,9.0,1.0,0.05,0.5,0.01,0.5,0.1,-1.6,0.02,0.0,0.0,0.0
1700044580,BTC/USD,53.0,10.0,9.0,1.0,0.05,0.5,0.01,0.5,0.1,-1.4,0.02,0.0,0.0,0.0
1700044640,BTC/USD,54.0,10.0,9.0,1.0,0.05,0.5,0.01,0.5,0.1,-1.2,0.02,0.0,0.0,0.0
1700044700,BTC/USD,55.0,10.0,9.0,1.0,0.05,0.5,0.01,0.5,0.1,-1.0,0.02,0.0,0.0,0.0
1700044760,BTC/USD,56.0,10.0,9.0,1.0,0.05,0.5,0.01,0.5,0.1,-0.8,0.02,0.0,0.0,0.0
1700044820,BTC/USD,57.0,10.0,9.0,1.0,0.05,0.5,0.01,0.5,0.1,-0.6,0.02,0.0,0.0,0.0
1700044880,BTC/USD,58.0,10.0,9.0,1.0,0.05,0.5,0.01,0.5,0.1,-0.4,0.02,0.0,0.0,0.0
1700044940,BTC/USD,59.0,10.0,9.0,1.0,0.05,0.5,0.01,0.5,0.1,-0.2,0.02,0.0,0.0,0.0
1700045000,BTC/USD,60.0,10.0,9.0,1.0,0.05,0.5,0.01,0.5,0.1,0.0,0.02,0.0,0.0,0.0
1700045060,BTC/USD,61.0,10.0,9.0,1.0,0.05,0.5,0.01,0.5,0.1,0.2,0.02,0.0,0.0,0.0
1700045120,BTC/USD,62.0,10.0,9.0,1.0,0.05,0.5,0.01,0.5,0.1,0.4,0.02,0.0,0.0,0.0
1700045180,BTC/USD,63.0,10.0,9.0,1.0,0.05,0.5,0.01,0.5,0.1,0.6,0.02,0.001,0.005,0.01
1700045240,BTC/USD,64.0,10.0,9.0,1.0,0.05,0.5,0.01,0.5,0.1,0.8,0.02,0.001,0.005,0.01
1700045300,BTC/USD,65.0,10.0,9.0,1.0,0.05,0.5,0.01,0.5,0.1,1.0,0.02,0.001,0.005,0.01
1700045360,BTC/USD,66.0,10.0,9.0,1.0,0.05,0.5,0.01,0.5,0.1,1.2,0.02,0.001,0.005,0.01
1700045420,BTC/USD,67.0,10.0,9.0,1.0,0.05,0.5,0.01,0.5,0.1,1.4,0.02,0.001,0.005,0.01
1700045480,BTC/USD,68.0,10.0,9.0,1.0,0.05,0.5,0.01,0.5,0.1,1.6,0.02,0.001,0.005,0.01
1700045540,BTC/USD,69.0,10.0,9.0,1.0,0.05,0.5,0.01,0.5,0.1,1.8,0.02,0.001,0.005,0.01
1700045600,BTC/USD,70.0,10.0,9.0,1.0,0.05,0.5,0.01,0.5,0.1,-2.0,0.02,0.0,0.0,0.0
1700045660,BTC/USD,71.0,10.0,9.0,1.0,0.05,0.5,0.01,0.5,0.1,-1.8,0.02,0.0,0.0,0.0
1700045720,BTC/USD,72.0,10.0,9.0,1.0,0.05,0.5,0.01,0.5,0.1,-1.6,0.02,0.0,0.0,0.0
1700045780,BTC/USD,73.0,10.0,9.0,1.0,0.05,0.5,0.01,0.5,0.1,-1.4,0.02,0.0,0.0,0.0
1700045840,BTC/USD,74.0,10.0,9.0,1.0,0.05,0.5,0.01,0.5,0.1,-1.2,0.02,0.0,0.0,0.0
1700045900,BTC/USD,75.0,10.0,9.0,1.0,0.05,0.5,0.01,0.5,0.1,-1.0,0.02,0.0,0.0,0.0
1700045960,BTC/USD,76.0,10.0,9.0,1.0,0.05,0.5,0.01,0.5,0.1,-0.8,0.02,0.0,0.0,0.0
1700046020,BTC/USD,77.0,10.0,9.0,1.0,0.05,0.5,0.01,0.5,0.1,-0.6,0.02,0.0,0.0,0.0
1700046080,BTC/USD,78.0,10.0,9.0,1.0,0.05,0.5,0.01,0.5,0.1,-0.4,0.02,0.0,0.0,0.0
1700046140,BTC/USD,79.0,10.0,9.0,1.0,0.05,0.5,0.01,0.5,0.1,-0.2,0.02,0.0,0.0,0.0
1700046200,BTC/USD,80.0,10.0,9.0,1.0,0.05,0.5,0.01,0.5,0.1,0.0,0.02,0.0,0.0,0.0
1700046260,BTC/USD,81.0,10.0,9.0,1.0,0.05,0.5,0.01,0.5,0.1,0.2,0.02,0.0,0.0,0.0
1700046320,BTC/USD,82.0,10.0,9.0,1.0,0.05,0.5,0.01,0.5,0.1,0.4,0.02,0.0,0.0,0.0
1700046380,BTC/USD,83.0,10.0,9.0,1.0,0.05,0.5,0.01,0.5,0.1,0.6,0.02,0.001,0.005,0.01
1700046440,BTC/USD,84.0,10.0,9.0,1.0,0.05,0.5,0.01,0.5,0.1,0.8,0.02,0.001,0.005,0.01
1700046500,BTC/USD,85.0,10.0,9.0,1.0,0.05,0.5,0.01,0.5,0.1,1.0,0.02,0.001,0.005,0.01
1700046560,BTC/USD,86.0,10.0,9.0,1.0,0.05,0.5,0.01,0.5,0.1,1.2,0.02,0.001,0.005,0.01
1700046620,BTC/USD,87.0,10.0,9.0,1.0,0.05,0.5,0.01,0.5,0.1,1.4,0.02,0.001,0.005,0.01
1700046680,BTC/USD,88.0,10.0,9.0,1.0,0.05,0.5,0.01,0.5,0.1,1.6,0.02,0.001,0.005,0.01
1700046740,BTC/USD,89.0,10.0,9.0,1.0,0.05,0.5,0.01,0.5,0.1,1.8,0.02,0.001,0.005,0.01
1700046800,BTC/USD,30.0,10.0,9.0,1.0,0.05,0.5,0.01,0.5,0.1,-2.0,0.02,-0.001,-0.005,-0.01
1700046860,BTC/USD,31.0,10.0,9.0,1.0,0.05,0.5,0.01,0.5,0.1,-1.8,0.02,-0.001,-0.005,-0.01
1700046920,BTC/USD,32.0,10.0,9.0,1.0,0.05,0.5,0.01,0.5,0.1,-1.6,0.02,-0.001,-0.005,-0.01
1700046980,BTC/USD,33.0,10.0,9.0,1.0,0.05,0.5,0.01,0.5,0.1,-1.4,0.02,-0.001,-0.005,-0.01
1700047040,BTC/USD,34.0,10.0,9.0,1.0,0.05,0.5,0.01,0.5,0.1,-1.2,0.02,-0.001,-0.005,-0.01
1700047100,BTC/USD,35.0,10.0,9.0,1.0,0.05,0.5,0.01,0.5,0.1,-1.0,0.02,-0.001,-0.005,-0.01
1700047160,BTC/USD,36.0,10.0,9.0,1.0,0.05,0.5,0.01,0.5,0.1,-0.8,0.02,-0.001,-0.005,-0.01
1700047220,BTC/USD,37.0,10.0,9.0,1.0,0.05,0.5,0.01,0.5,0.1,-0.6,0.02,-0.001,-0.005,-0.01
1700047280,BTC/USD,38.0,10.0,9.0,1.0,0.05,0.5,0.01,0.5,0.1,-0.4,0.02,0.0,0.0,0.0
1700047340,BTC/USD,39.0,10.0,9.0,1.0,0.05,0.5,0.01,0.5,0.1,-0.2,0.02,0.0,0.0,0.0
1700047400,BTC/USD,40.0,10.0,9.0,1.0,0.05,0.5,0.01,0.5,0.1,0.0,0.02,0.0,0.0,0.0
1700047460,BTC/USD,41.0,10.0,9.0,1.0,0.05,0.5,0.01,0.5,0.1,0.2,0.02,0.0,0.0,0.0
1700047520,BTC/USD,42.0,10.0,9.0,1.0,0.05,0.5,0.01,0.5,0.1,0.4,0.02,0.0,0.0,0.0
1700047580,BTC/USD,43.0,10.0,9.0,1.0,0.05,0.5,0.01,0.5,0.1,0.6,0.02,0.0,0.0,0.0
1700047640,BTC/USD,44.0,10.0,9.0,1.0,0.05,0.5,0.01,0.5,0.1,0.8,0.02,0.0,0.0,0.0
1700047700,BTC/USD,45.0,10.0,9.0,1.0,0.05,0.5,0.01,0.5,0.1,1.0,0.02,0.0,0.0,0.0
1700047760,BTC/USD,46.0,10.0,9.0,1.0,0.05,0.5,0.01,0.5,0.1,1.2,0.02,0.0,0.0,0.0
1700047820,BTC/USD,47.0,10.0,9.0,1.0,0.05,0.5,0.01,0.5,0.1,1.4,0.02,0.0,0.0,0.0
1700047880,BTC/USD,48.0,10.0,9.0,1.0,0.05,0.5,0.01,0.5,0.1,1.6,0.02,0.0,0.0,0.0
1700047940,BTC/USD,49.0,10.0,9.0,1.0,0.05,0.5,0.01,0.5,0.1,1.8,0.02,0.0,0.0,0.0
1700048000,BTC/USD,50.0,10.0,9.0,1.0,0.05,0.5,0.01,0.5,0.1,-2.0,0.02,0.0,0.0,0.0
1700048060,BTC/USD,51.0,10.0,9.0,1.0,0.05,0.5,0.01,0.5,0.1,-1.8,0.02,0.0,0.0,0.0
1700048120,BTC/USD,52.0,10.0,9.0,1.0,0.05,0.5,0.01,0.5,0.1,-1.6,0.02,0.0,0.0,0.0
1700048180,BTC/USD,53.0,10.0,9.0,1.0,0.05,0.5,0.01,0.5,0.1,-1.4,0.02,0.0,0.0,0.0
1700048240,BTC/USD,54.0,10.0,9.0,1.0,0.05,0.5,0.01,0.5,0.1,-1.2,0.02,0.0,0.0,0.0
1700048300,BTC/USD,55.0,10.0,9.0,1.0,0.05,0.5,0.01,0.5,0.1,-1.0,0.02,0.0,0.0,0.0
1700048360,BTC/USD,56.0,10.0,9.0,1.0,0.05,0.5,0.01,0.5,0.1,-0.8,0.02,0.0,0.0,0.0
1700048420,BTC/USD,57.0,10.0,9.0,1.0,0.05,0.5,0.01,0.5,0.1,-0.6,0.02,0.0,0.0,0.0
1700048480,BTC/USD,58.0,10.0,9.0,1.0,0.05,0.5,0.01,0.5,0.1,-0.4,0.02,0.0,0.0,0.0
1700048540,BTC/USD,59.0,10.0,9.0,1.0,0.05,0.5,0.01,0.5,0.1,-0.2,0.02,0.0,0.0,0.0
1700048600,BTC/USD,60.0,10.0,9.0,1.0,0.05,0.5,0.01,0.5,0.1,0.0,0.02,0.0,0.0,0.0
1700048660,BTC/USD,61.0,10.0,9.0,1.0,0.05,0.5,0.01,0.5,0.1,0.2,0.02,0.0,0.0,0.0
1700048720,BTC/USD,62.0,10.0,9.0,1.0,0.05,0.5,0.01,0.5,0.1,0.4,0.02,0.0,0.0,0.0
1700048780,BTC/USD,63.0,10.0,9.0,1.0,0.05,0.5,0.01,0.5,0.1,0.6,0.02,0.001,0.005,0.01
1700048840,BTC/USD,64.0,10.0,9.0,1.0,0.05,0.5,0.01,0.5,0.1,0.8,0.02,0.001,0.005,0.01
1700048900,BTC/USD,65.0,10.0,9.0,1.0,0.05,0.5,0.01,0.5,0.1,1.0,0.02,0.001,0.005,0.01
1700048960,BTC/USD,66.0,10.0,9.0,1.0,0.05,0.5,0.01,0.5,0.1,1.2,0.02,0.001,0.005,0.01
1700049020,BTC/USD,67.0,10.0,9.0,1.0,0.05,0.5,0.01,0.5,0.1,1.4,0.02,0.001,0.005,0.01
1700049080,BTC/USD,68.0,10.0,9.0,1.0,0.05,0.5,0.01,0.5,0.1,1.6,0.02,0.001,0.005,0.01
1700049140,BTC/USD,69.0,10.0,9.0,1.0,0.05,0.5,0.01,0.5,0.1,1.8,0.02,0.001,0.005,0.01
1700049200,BTC/USD,70.0,10.0,9.0,1.0,0.05,0.5,0.01,0.5,0.1,-2.0,0.02,0.0,0.0,0.0
1700049260,BTC/USD,71.0,10.0,9.0,1.0,0.05,0.5,0.01,0.5,0.1,-1.8,0.02,0.0,0.0,0.0
1700049320,BTC/USD,72.0,10.0,9.0,1.0,0.05,0.5,0.01,0.5,0.1,-1.6,0.02,0.0,0.0,0.0
1700049380,BTC/USD,73.0,10.0,9.0,1.0,0.05,0.5,0.01,0.5,0.1,-1.4,0.02,0.0,0.0,0.0
1700049440,BTC/USD,74.0,10.0,9.0,1.0,0.05,0.5,0.01,0.5,0.1,-1.2,0.02,0.0,0.0,0.0
1700049500,BTC/USD,75.0,10.0,9.0,1.0,0.05,0.5,0.01,0.5,0.1,-1.0,0.02,0.0,0.0,0.0
1700049560,BTC/USD,76.0,10.0,9.0,1.0,0.05,0.5,0.01,0.5,0.1,-0.8,0.02,0.0,0.0,0.0
1700049620,BTC/USD,77.0,10.0,9.0,1.0,0.05,0.5,0.01,0.5,0.1,-0.6,0.02,0.0,0.0,0.0
1700049680,BTC/USD,78.0,10.0,9.0,1.0,0.05,0.5,0.01,0.5,0.1,-0.4,0.02,0.0,0.0,0.0
1700049740,BTC/USD,79.0,10.0,9.0,1.0,0.05,0.5,0.01,0.5,0.1,-0.2,0.02,0.0,0.0,0.0
1700049800,BTC/USD,80.0,10.0,9.0,1.0,0.05,0.5,0.01,0.5,0.1,0.0,0.02,0.0,0.0,0.0
1700049860,BTC/USD,81.0,10.0,9.0,1.0,0.05,0.5,0.01,0.5,0.1,0.2,0.02,0.0,0.0,0.0
1700049920,BTC/USD,82.0,10.0,9.0,1.0,0.05,0.5,0.01,0.5,0.1,0.4,0.02,0.0,0.0,0.0
1700049980,BTC/USD,83.0,10.0,9.0,1.0,0.05,0.5,0.01,0.5,0.1,0.6,0.02,0.001,0.005,0.01
1700050040,BTC/USD,84.0,10.0,9.0,1.0,0.05,0.5,0.01,0.5,0.1,0.8,0.02,0.001,0.005,0.01
1700050100,BTC/USD,85.0,10.0,9.0,1.0,0.05,0.5,0.01,0.5,0.1,1.0,0.02,0.001,0.005,0.01
1700050160,BTC/USD,86.0,10.0,9.0,1.0,0.05,0.5,0.01,0.5,0.1,1.2,0.02,0.001,0.005,0.01
1700050220,BTC/USD,87.0,10.0,9.0,1.0,0.05,0.5,0.01,0.5,0.1,1.4,0.02,0.001,0.005,0.01
1700050280,BTC/USD,88.0,10.0,9.0,1.0,0.05,0.5,0.01,0.5,0.1,1.6,0.02,0.001,0.005,0.01
1700050340,BTC/USD,89.0,10.0,9.0,1.0,0.05,0.5,0.01,0.5,0.1,1.8,0.02,0.001,0.005,0.01
1700050400,BTC/USD,30.0,10.0,9.0,1.0,0.05,0.5,0.01,0.5,0.1,-2.0,0.02,-0.001,-0.005,-0.01
1700050460,BTC/USD,31.0,10.0,9.0,1.0,0.05,0.5,0.01,0.5,0.1,-1.8,0.02,-0.001,-0.005,-0.01
1700050520,BTC/USD,32.0,10.0,9.0,1.0,0.05,0.5,0.01,0.5,0.1,-1.6,0.02,-0.001,-0.005,-0.01
1700050580,BTC/USD,33.0,10.0,9.0,1.0,0.05,0.5,0.01,0.5,0.1,-1.4,0.02,-0.001,-0.005,-0.01
1700050640,BTC/USD,34.0,10.0,9.0,1.0,0.05,0.5,0.01,0.5,0.1,-1.2,0.02,-0.001,-0.005,-0.01
1700050700,BTC/USD,35.0,10.0,9.0,1.0,0.05,0.5,0.01,0.5,0.1,-1.0,0.02,-0.001,-0.005,-0.01
1700050760,BTC/USD,36.0,10.0,9.0,1.0,0.05,0.5,0.01,0.5,0.1,-0.8,0.02,-0.001,-0.005,-0.01
1700050820,BTC/USD,37.0,10.0,9.0,1.0,0.05,0.5,0.01,0.5,0.1,-0.6,0.02,-0.001,-0.005,-0.01
1700050880,BTC/USD,38.0,10.0,9.0,1.0,0.05,0.5,0.01,0.5,0.1,-0.4,0.02,0.0,0.0,0.0
1700050940,BTC/USD,39.0,10.0,9.0,1.0,0.05,0.5,0.01,0.5,0.1,-0.2,0.02,0.0,0.0,0.0
1700051000,BTC/USD,40.0,10.0,9.0,1.0,0.05,0.5,0.01,0.5,0.1,0.0,0.02,0.0,0.0,0.0
1700051060,BTC/USD,41.0,10.0,9.0,1.0,0.05,0.5,0.01,0.5,0.1,0.2,0.02,0.0,0.0,0.0
1700051120,BTC/USD,42.0,10.0,9.0,1.0,0.05,0.5,0.01,0.5,0.1,0.4,0.02,0.0,0.0,0.0
1700051180,BTC/USD,43.0,10.0,9.0,1.0,0.05,0.5,0.01,0.5,0.1,0.6,0.02,0.0,0.0,0.0
1700051240,BTC/USD,44.0,10.0,9.0,1.0,0.05,0.5,0.01,0.5,0.1,0.8,0.02,0.0,0.0,0.0
1700051300,BTC/USD,45.0,10.0,9.0,1.0,0.05,0.5,0.01,0.5,0.1,1.0,0.02,0.0,0.0,0.0
1700051360,BTC/USD,46.0,10.0,9.0,1.0,0.05,0.5,0.01,0.5,0.1,1.2,0.02,0.0,0.0,0.0
1700051420,BTC/USD,47.0,10.0,9.0,1.0,0.05,0.5,0.01,0.5,0.1,1.4,0.02,0.0,0.0,0.0
1700051480,BTC/USD,48.0,10.0,9.0,1.0,0.05,0.5,0.01,0.5,0.1,1.6,0.02,0.0,0.0,0.0
1700051540,BTC/USD,49.0,10.0,9.0,1.0,0.05,0.5,0.01,0.5,0.1,1.8,0.02,0.0,0.0,0.0
1700051600,BTC/USD,50.0,10.0,9.0,1.0,0.05,0.5,0.01,0.5,0.1,-2.0,0.02,0.0,0.0,0.0
1700051660,BTC/USD,51.0,10.0,9.0,1.0,0.05,0.5,0.01,0.5,0.1,-1.8,0.02,0.0,0.0,0.0
1700051720,BTC/USD,52.0,10.0,9.0,1.0,0.05,0.5,0.01,0.5,0.1,-1.6,0.02,0.0,0.0,0.0
1700051780,BTC/USD,53.0,10.0,9.0,1.0,0.05,0.5,0.01,0.5,0.1,-1.4,0.02,0.0,0.0,0.0
1700051840,BTC/USD,54.0,10.0,9.0,1.0,0.05,0.5,0.01,0.5,0.1,-1.2,0.02,0.0,0.0,0.0
1700051900,BTC/USD,55.0,10.0,9.0,1.0,0.05,0.5,0.01,0.5,0.1,-1.0,0.02,0.0,0.0,0.0
1700051960,BTC/USD,56.0,10.0,9.0,1.0,0.05,0.5,0.01,0.5,0.1,-0.8,0.02,0.0,0.0,0.0
1700052020,BTC/USD,57.0,10.0,9.0,1.0,0.05,0.5,0.01,0.5,0.1,-0.6,0.02,0.0,0.0,0.0
1700052080,BTC/USD,58.0,10.0,9.0,1.0,0.05,0.5,0.01,0.5,0.1,-0.4,0.02,0.0,0.0,0.0
1700052140,BTC/USD,59.0,10.0,9.0,1.0,0.05,0.5,0.01,0.5,0.1,-0.2,0.02,0.0,0.0,0.0
1700052200,BTC/USD,60.0,10.0,9.0,1.0,0.05,0.5,0.01,0.5,0.1,0.0,0.02,0.0,0.0,0.0
1700052260,BTC/USD,61.0,10.0,9.0,1.0,0.05,0.5,0.01,0.5,0.1,0.2,0.02,0.0,0.0,0.0
1700052320,BTC/USD,62.0,10.0,9.0,1.0,0.05,0.5,0.01,0.5,0.1,0.4,0.02,0.0,0.0,0.0
1700052380,BTC/USD,63.0,10.0,9.0,1.0,0.05,0.5,0.01,0.5,0.1,0.6,0.02,0.001,0.005,0.01
1700052440,BTC/USD,64.0,10.0,9.0,1.0,0.05,0.5,0.01,0.5,0.1,0.8,0.02,0.001,0.005,0.01
1700052500,BTC/USD,65.0,10.0,9.0,1.0,0.05,0.5,0.01,0.5,0.1,1.0,0.02,0.001,0.005,0.01
1700052560,BTC/USD,66.0,10.0,9.0,1.0,0.05,0.5,0.01,0.5,0.1,1.2,0.02,0.001,0.005,0.01
1700052620,BTC/USD,67.0,10.0,9.0,1.0,0.05,0.5,0.01,0.5,0.1,1.4,0.02,0.001,0.005,0.01
1700052680,BTC/USD,68.0,10.0,9.0,1.0,0.05,0.5,0.01,0.5,0.1,1.6,0.02,0.001,0.005,0.01
1700052740,BTC/USD,69.0,10.0,9.0,1.0,0.05,0.5,0.01,0.5,0.1,1.8,0.02,0.001,0.005,0.01
1700052800,BTC/USD,70.0,10.0,9.0,1.0,0.05,0.5,0.01,0.5,0.1,-2.0,0.02,0.0,0.0,0.0
1700052860,BTC/USD,71.0,10.0,9.0,1.0,0.05,0.5,0.01,0.5,0.1,-1.8,0.02,0.0,0.0,0.0
1700052920,BTC/USD,72.0,10.0,9.0,1.0,0.05,0.5,0.01,0.5,0.1,-1.6,0.02,0.0,0.0,0.0
1700052980,BTC/USD,73.0,10.0,9.0,1.0,0.05,0.5,0.01,0.5,0.1,-1.4,0.02,0.0,0.0,0.0
1700053040,BTC/USD,74.0,10.0,9.0,1.0,0.05,0.5,0.01,0.5,0.1,-1.2,0.02,0.0,0.0,0.0
1700053100,BTC/USD,75.0,10.0,9.0,1.0,0.05,0.5,0.01,0.5,0.1,-1.0,0.02,0.0,0.0,0.0
1700053160,BTC/USD,76.0,10.0,9.0,1.0,0.05,0.5,0.01,0.5,0.1,-0.8,0.02,0.0,0.0,0.0
1700053220,BTC/USD,77.0,10.0,9.0,1.0,0.05,0.5,0.01,0.5,0.1,-0.6,0.02,0.0,0.0,0.0
1700053280,BTC/USD,78.0,10.0,9.0,1.0,0.05,0.5,0.01,0.5,0.1,-0.4,0.02,0.0,0.0,0.0
1700053340,BTC/USD,79.0,10.0,9.0,1.0,0.05,0.5,0.01,0.5,0.1,-0.2,0.02,0.0,0.0,0.0
1700053400,BTC/USD,80.0,10.0,9.0,1.0,0.05,0.5,0.01,0.5,0.1,0.0,0.02,0.0,0.0,0.0
1700053460,BTC/USD,81.0,10.0,9.0,1.0,0.05,0.5,0.01,0.5,0.1,0.2,0.02,0.0,0.0,0.0
1700053520,BTC/USD,82.0,10.0,9.0,1.0,0.05,0.5,0.01,0.5,0.1,0.4,0.02,0.0,0.0,0.0
1700053580,BTC/USD,83.0,10.0,9.0,1.0,0.05,0.5,0.01,0.5,0.1,0.6,0.02,0.001,0.005,0.01
1700053640,BTC/USD,84.0,10.0,9.0,1.0,0.05,0.5,0.01,0.5,0.1,0.8,0.02,0.001,0.005,0.01
1700053700,BTC/USD,85.0,10.0,9.0,1.0,0.05,0.5,0.01,0.5,0.1,1.0,0.02,0.001,0.005,0.01
1700053760,BTC/USD,86.0,10.0,9.0,1.0,0.05,0.5,0.01,0.5,0.1,1.2,0.02,0.001,0.005,0.01
1700053820,BTC/USD,87.0,10.0,9.0,1.0,0.05,0.5,0.01,0.5,0.1,1.4,0.02,0.001,0.005,0.01
1700053880,BTC/USD,88.0,10.0,9.0,1.0,0.05,0.5,0.01,0.5,0.1,1.6,0.02,0.001,0.005,0.01
1700053940,BTC/USD,89.0,10.0,9.0,1.0,0.05,0.5,0.01,0.5,0.1,1.8,0.02,0.001,0.005,0.01
1700054000,BTC/USD,30.0,10.0,9.0,1.0,0.05,0.5,0.01,0.5,0.1,-2.0,0.02,-0.001,-0.005,-0.01
1700054060,BTC/USD,31.0,10.0,9.0,1.0,0.05,0.5,0.01,0.5,0.1,-1.8,0.02,-0.001,-0.005,-0.01
1700054120,BTC/USD,32.0,10.0,9.0,1.0,0.05,0.5,0.01,0.5,0.1,-1.6,0.02,-0.001,-0.005,-0.01
1700054180,BTC/USD,33.0,10.0,9.0,1.0,0.05,0.5,0.01,0.5,0.1,-1.4,0.02,-0.001,-0.005,-0.01
1700054240,BTC/USD,34.0,10.0,9.0,1.0,0.05,0.5,0.01,0.5,0.1,-1.2,0.02,-0.001,-0.005,-0.01
1700054300,BTC/USD,35.0,10.0,9.0,1.0,0.05,0.5,0.01,0.5,0.1,-1.0,0.02,-0.001,-0.005,-0.01
1700054360,BTC/USD,36.0,10.0,9.0,1.0,0.05,0.5,0.01,0.5,0.1,-0.8,0.02,-0.001,-0.005,-0.01
1700054420,BTC/USD,37.0,10.0,9.0,1.0,0.05,0.5,0.01,0.5,0.1,-0.6,0.02,-0.001,-0.005,-0.01
1700054480,BTC/USD,38.0,10.0,9.0,1.0,0.05,0.5,0.01,0.5,0.1,-0.4,0.02,0.0,0.0,0.0
1700054540,BTC/USD,39.0,10.0,9.0,1.0,0.05,0.5,0.01,0.5,0.1,-0.2,0.02,0.0,0.0,0.0
1700054600,BTC/USD,40.0,10.0,9.0,1.0,0.05,0.5,0.01,0.5,0.1,0.0,0.02,0.0,0.0,0.0
1700054660,BTC/USD,41.0,10.0,9.0,1.0,0.05,0.5,0.01,0.5,0.1,0.2,0.02,0.0,0.0,0.0
1700054720,BTC/USD,42.0,10.0,9.0,1.0,0.05,0.5,0.01,0.5,0.1,0.4,0.02,0.0,0.0,0.0
1700054780,BTC/USD,43.0,10.0,9.0,1.0,0.05,0.5,0.01,0.5,0.1,0.6,0.02,0.0,0.0,0.0
1700054840,BTC/USD,44.0,10.0,9.0,1.0,0.05,0.5,0.01,0.5,0.1,0.8,0.02,0.0,0.0,0.0
1700054900,BTC/USD,45.0,10.0,9.0,1.0,0.05,0.5,0.01,0.5,0.1,1.0,0.02,0.0,0.0,0.0
1700054960,BTC/USD,46.0,10.0,9.0,1.0,0.05,0.5,0.01,0.5,0.1,1.2,0.02,0.0,0.0,0.0
1700055020,BTC/USD,47.0,10.0,9.0,1.0,0.05,0.5,0.01,0.5,0.1,1.4,0.02,0.0,0.0,0.0
1700055080,BTC/USD,48.0,10.0,9.0,1.0,0.05,0.5,0.01,0.5,0.1,1.6,0.02,0.0,0.0,0.0
1700055140,BTC/USD,49.0,10.0,9.0,1.0,0.05,0.5,0.01,0.5,0.1,1.8,0.02,0.0,0.0,0.0
1700055200,BTC/USD,50.0,10.0,9.0,1.0,0.05,0.5,0.01,0.5,0.1,-2.0,0.02,0.0,0.0,0.0
1700055260,BTC/USD,51.0,10.0,9.0,1.0,0.05,0.5,0.01,0.5,0.1,-1.8,0.02,0.0,0.0,0.0
1700055320,BTC/USD,52.0,10.0,9.0,1.0,0.05,0.5,0.01,0.5,0.1,-1.6,0.02,0.0,0.0,0.0
1700055380,BTC/USD,53.0,10.0,9.0,1.0,0.05,0.5,0.01,0.5,0.1,-1.4,0.02,0.0,0.0,0.0
1700055440,BTC/USD,54.0,10.0,9.0,1.0,0.05,0.5,0.01,0.5,0.1,-1.2,0.02,0.0,0.0,0.0
1700055500,BTC/USD,55.0,10.0,9.0,1.0,0.05,0.5,0.01,0.5,0.1,-1.0,0.02,0.0,0.0,0.0
1700055560,BTC/USD,56.0,10.0,9.0,1.0,0.05,0.5,0.01,0.5,0.1,-0.8,0.02,0.0,0.0,0.0
1700055620,BTC/USD,57.0,10.0,9.0,1.0,0.05,0.5,0.01,0.5,0.1,-0.6,0.02,0.0,0.0,0.0
1700055680,BTC/USD,58.0,10.0,9.0,1.0,0.05,0.5,0.01,0.5,0.1,-0.4,0.02,0.0,0.0,0.0
1700055740,BTC/USD,59.0,10.0,9.0,1.0,0.05,0.5,0.01,0.5,0.1,-0.2,0.02,0.0,0.0,0.0
1700055800,BTC/USD,60.0,10.0,9.0,1.0,0.05,0.5,0.01,0.5,0.1,0.0,0.02,0.0,0.0,0.0
1700055860,BTC/USD,61.0,10.0,9.0,1.0,0.05,0.5,0.01,0.5,0.1,0.2,0.02,0.0,0.0,0.0
1700055920,BTC/USD,62.0,10.0,9.0,1.0,0.05,0.5,0.01,0.5,0.1,0.4,0.02,0.0,0.0,0.0
1700055980,BTC/USD,63.0,10.0,9.0,1.0,0.05,0.5,0.01,0.5,0.1,0.6,0.02,0.001,0.005,0.01
1700056040,BTC/USD,64.0,10.0,9.0,1.0,0.05,0.5,0.01,0.5,0.1,0.8,0.02,0.001,0.005,0.01
1700056100,BTC/USD,65.0,10.0,9.0,1.0,0.05,0.5,0.01,0.5,0.1,1.0,0.02,0.001,0.005,0.01
1700056160,BTC/USD,66.0,10.0,9.0,1.0,0.05,0.5,0.01,0.5,0.1,1.2,0.02,0.001,0.005,0.01
1700056220,BTC/USD,67.0,10.0,9.0,1.0,0.05,0.5,0.01,0.5,0.1,1.4,0.02,0.001,0.005,0.01
1700056280,BTC/USD,68.0,10.0,9.0,1.0,0.05,0.5,0.01,0.5,0.1,1.6,0.02,0.001,0.005,0.01
1700056340,BTC/USD,69.0,10.0,9.0,1.0,0.05,0.5,0.01,0.5,0.1,1.8,0.02,0.001,0.005,0.01
1700056400,BTC/USD,70.0,10.0,9.0,1.0,0.05,0.5,0.01,0.5,0.1,-2.0,0.02,0.0,0.0,0.0
1700056460,BTC/USD,71.0,10.0,9.0,1.0,0.05,0.5,0.01,0.5,0.1,-1.8,0.02,0.0,0.0,0.0
1700056520,BTC/USD,72.0,10.0,9.0,1.0,0.05,0.5,0.01,0.5,0.1,-1.6,0.02,0.0,0.0,0.0
1700056580,BTC/USD,73.0,10.0,9.0,1.0,0.05,0.5,0.01,0.5,0.1,-1.4,0.02,0.0,0.0,0.0
1700056640,BTC/USD,74.0,10.0,9.0,1.0,0.05,0.5,0.01,0.5,0.1,-1.2,0.02,0.0,0.0,0.0
1700056700,BTC/USD,75.0,10.0,9.0,1.0,0.05,0.5,0.01,0.5,0.1,-1.0,0.02,0.0,0.0,0.0
1700056760,BTC/USD,76.0,10.0,9.0,1.0,0.05,0.5,0.01,0.5,0.1,-0.8,0.02,0.0,0.0,0.0
1700056820,BTC/USD,77.0,10.0,9.0,1.0,0.05,0.5,0.01,0.5,0.1,-0.6,0.02,0.0,0.0,0.0
1700056880,BTC/USD,78.0,10.0,9.0,1.0,0.05,0.5,0.01,0.5,0.1,-0.4,0.02,0.0,0.0,0.0
1700056940,BTC/USD,79.0,10.0,9.0,1.0,0.05,0.5,0.01,0.5,0.1,-0.2,0.02,0.0,0.0,0.0
1700057000,BTC/USD,80.0,10.0,9.0,1.0,0.05,0.5,0.01,0.5,0.1,0.0,0.02,0.0,0.0,0.0
1700057060,BTC/USD,81.0,10.0,9.0,1.0,0.05,0.5,0.01,0.5,0.1,0.2,0.02,0.0,0.0,0.0
1700057120,BTC/USD,82.0,10.0,9.0,1.0,0.05,0.5,0.01,0.5,0.1,0.4,0.02,0.0,0.0,0.0
1700057180,BTC/USD,83.0,10.0,9.0,1.0,0.05,0.5,0.01,0.5,0.1,0.6,0.02,0.001,0.005,0.01
1700057240,BTC/USD,84.0,10.0,9.0,1.0,0.05,0.5,0.01,0.5,0.1,0.8,0.02,0.001,0.005,0.01
1700057300,BTC/USD,85.0,10.0,9.0,1.0,0.05,0.5,0.01,0.5,0.1,1.0,0.02,0.001,0.005,0.01
1700057360,BTC/USD,86.0,10.0,9.0,1.0,0.05,0.5,0.01,0.5,0.1,1.2,0.02,0.001,0.005,0.01
1700057420,BTC/USD,87.0,10.0,9.0,1.0,0.05,0.5,0.01,0.5,0.1,1.4,0.02,0.001,0.005,0.01
1700057480,BTC/USD,88.0,10.0,9.0,1.0,0.05,0.5,0.01,0.5,0.1,1.6,0.02,0.001,0.005,0.01
1700057540,BTC/USD,89.0,10.0,9.0,1.0,0.05,0.5,0.01,0.5,0.1,1.8,0.02,0.001,0.005,0.01
1700057600,BTC/USD,30.0,10.0,9.0,1.0,0.05,0.5,0.01,0.5,0.1,-2.0,0.02,-0.001,-0.005,-0.01
1700057660,BTC/USD,31.0,10.0,9.0,1.0,0.05,0.5,0.01,0.5,0.1,-1.8,0.02,-0.001,-0.005,-0.01
1700057720,BTC/USD,32.0,10.0,9.0,1.0,0.05,0.5,0.01,0.5,0.1,-1.6,0.02,-0.001,-0.005,-0.01
1700057780,BTC/USD,33.0,10.0,9.0,1.0,0.05,0.5,0.01,0.5,0.1,-1.4,0.02,-0.001,-0.005,-0.01
1700057840,BTC/USD,34.0,10.0,9.0,1.0,0.05,0.5,0.01,0.5,0.1,-1.2,0.02,-0.001,-0.005,-0.01
1700057900,BTC/USD,35.0,10.0,9.0,1.0,0.05,0.5,0.01,0.5,0.1,-1.0,0.02,-0.001,-0.005,-0.01
1700057960,BTC/USD,36.0,10.0,9.0,1.0,0.05,0.5,0.01,0.5,0.1,-0.8,0.02,-0.001,-0.005,-0.01
1700058020,BTC/USD,37.0,10.0,9.0,1.0,0.05,0.5,0.01,0.5,0.1,-0.6,0.02,-0.001,-0.005,-0.01
1700058080,BTC/USD,38.0,10.0,9.0,1.0,0.05,0.5,0.01,0.5,0.1,-0.4,0.02,0.0,0.0,0.0
1700058140,BTC/USD,39.0,10.0,9.0,1.0,0.05,0.5,0.01,0.5,0.1,-0.2,0.02,0.0,0.0,0.0
1700058200,BTC/USD,40.0,10.0,9.0,1.0,0.05,0.5,0.01,0.5,0.1,0.0,0.02,0.0,0.0,0.0
1700058260,BTC/USD,41.0,10.0,9.0,1.0,0.05,0.5,0.01,0.5,0.1,0.2,0.02,0.0,0.0,0.0
1700058320,BTC/USD,42.0,10.0,9.0,1.0,0.05,0.5,0.01,0.5,0.1,0.4,0.02,0.0,0.0,0.0
1700058380,BTC/USD,43.0,10.0,9.0,1.0,0.05,0.5,0.01,0.5,0.1,0.6,0.02,0.0,0.0,0.0
1700058440,BTC/USD,44.0,10.0,9.0,1.0,0.05,0.5,0.01,0.5,0.1,0.8,0.02,0.0,0.0,0.0
1700058500,BTC/USD,45.0,10.0,9.0,1.0,0.05,0.5,0.01,0.5,0.1,1.0,0.02,0.0,0.0,0.0
1700058560,BTC/USD,46.0,10.0,9.0,1.0,0.05,0.5,0.01,0.5,0.1,1.2,0.02,0.0,0.0,0.0
1700058620,BTC/USD,47.0,10.0,9.0,1.0,0.05,0.5,0.01,0.5,0.1,1.4,0.02,0.0,0.0,0.0
1700058680,BTC/USD,48.0,10.0,9.0,1.0,0.05,0.5,0.01,0.5,0.1,1.6,0.02,0.0,0.0,0.0
1700058740,BTC/USD,49.0,10.0,9.0,1.0,0.05,0.5,0.01,0.5,0.1,1.8,0.02,0.0,0.0,0.0
1700058800,BTC/USD,50.0,10.0,9.0,1.0,0.05,0.5,0.01,0.5,0.1,-2.0,0.02,0.0,0.0,0.0
1700058860,BTC/USD,51.0,10.0,9.0,1.0,0.05,0.5,0.01,0.5,0.1,-1.8,0.02,0.0,0.0,0.0
1700058920,BTC/USD,52.0,10.0,9.0,1.0,0.05,0.5,0.01,0.5,0.1,-1.6,0.02,0.0,0.0,0.0
1700058980,BTC/USD,53.0,10.0,9.0,1.0,0.05,0.5,0.01,0.5,0.1,-1.4,0.02,0.0,0.0,0.0
1700059040,BTC/USD,54.0,10.0,9.0,1.0,0.05,0.5,0.01,0.5,0.1,-1.2,0.02,0.0,0.0,0.0
1700059100,BTC/USD,55.0,10.0,9.0,1.0,0.05,0.5,0.01,0.5,0.1,-1.0,0.02,0.0,0.0,0.0
1700059160,BTC/USD,56.0,10.0,9.0,1.0,0.05,0.5,0.01,0.5,0.1,-0.8,0.02,0.0,0.0,0.0
1700059220,BTC/USD,57.0,10.0,9.0,1.0,0.05,0.5,0.01,0.5,0.1,-0.6,0.02,0.0,0.0,0.0
1700059280,BTC/USD,58.0,10.0,9.0,1.0,0.05,0.5,0.01,0.5,0.1,-0.4,0.02,0.0,0.0,0.0
1700059340,BTC/USD,59.0,10.0,9.0,1.0,0.05,0.5,0.01,0.5,0.1,-0.2,0.02,0.0,0.0,0.0
1700059400,BTC/USD,60.0,10.0,9.0,1.0,0.05,0.5,0.01,0.5,0.1,0.0,0.02,0.0,0.0,0.0
1700059460,BTC/USD,61.0,10.0,9.0,1.0,0.05,0.5,0.01,0.5,0.1,0.2,0.02,0.0,0.0,0.0
1700059520,BTC/USD,62.0,10.0,9.0,1.0,0.05,0.5,0.01,0.5,0.1,0.4,0.02,0.0,0.0,0.0
1700059580,BTC/USD,63.0,10.0,9.0,1.0,0.05,0.5,0.01,0.5,0.1,0.6,0.02,0.001,0.005,0.01
1700059640,BTC/USD,64.0,10.0,9.0,1.0,0.05,0.5,0.01,0.5,0.1,0.8,0.02,0.001,0.005,0.01
1700059700,BTC/USD,65.0,10.0,9.0,1.0,0.05,0.5,0.01,0.5,0.1,1.0,0.02,0.001,0.005,0.01
1700059760,BTC/USD,66.0,10.0,9.0,1.0,0.05,0.5,0.01,0.5,0.1,1.2,0.02,0.001,0.005,0.01
1700059820,BTC/USD,67.0,10.0,9.0,1.0,0.05,0.5,0.01,0.5,0.1,1.4,0.02,0.001,0.005,0.01
1700059880,BTC/USD,68.0,10.0,9.0,1.0,0.05,0.5,0.01,0.5,0.1,1.6,0.02,0.001,0.005,0.01
1700059940,BTC/USD,69.0,10.0,9.0,1.0,0.05,0.5,0.01,0.5,0.1,1.8,0.02,0.001,0.005,0.01
